{"page":1,"results":[{"adult":false,"backdrop_path":"/AkE7LQs2hPMG5tpWYcum847Knre.jpg","id":1891,"original_title":"Star Wars: Episode V - The Empire Strikes Back","release_date":"1980-05-21","poster_path":"/6u1fYtxG5eqjhtCPDx04pJphQRW.jpg","popularity":217207.663,"title":"Star Wars: Episode V - The Empire Strikes Back","vote_average":9.0,"vote_count":170},{"adult":false,"backdrop_path":"/4iJfYYoQzZcONB9hNzg0J0wWyPH.jpg","id":11,"original_title":"Star Wars: Episode IV - A New Hope","release_date":"1977-05-25","poster_path":"/tvSlBzAdRE29bZe5yYWrJ2ds137.jpg","popularity":189678.722,"title":"Star Wars: Episode IV - A New Hope","vote_average":8.9,"vote_count":170},{"adult":false,"backdrop_path":"/rtG5TRrQXf11jlO9WqcYTq46jKa.jpg","id":1893,"original_title":"Star Wars: Episode I - The Phantom Menace","release_date":"1999-05-19","poster_path":"/n8V09dDc02KsSN6Q4hC2BX6hN8X.jpg","popularity":98222.04,"title":"Star Wars: Episode I - The Phantom Menace","vote_average":7.0,"vote_count":87},{"adult":false,"backdrop_path":"/wUYTfFbfPiZC6Lcyt1nonr69ZmK.jpg","id":1895,"original_title":"Star Wars: Episode III - Revenge of the Sith","release_date":"2005-05-19","poster_path":"/tgr5Pdy7ehZYBqBkN2K7Q02xgOb.jpg","popularity":89207.937,"title":"Star Wars: Episode III - Revenge of the Sith","vote_average":7.7,"vote_count":71},{"adult":false,"backdrop_path":"/bvJOpyHYWACDusvQvXxKEHFNjce.jpg","id":1892,"original_title":"Star Wars: Episode VI - Return of the Jedi","release_date":"1983-05-25","poster_path":"/jx5p0aHlbPXqe3AH9G15NvmWaqQ.jpg","popularity":93114.771,"title":"Star Wars: Episode VI - Return of the Jedi","vote_average":8.7,"vote_count":123},{"adult":false,"backdrop_path":"/zlhq7lNJqyFdO9tZ4u0qK7LvzIt.jpg","id":1894,"original_title":"Star Wars: Episode II - Attack of the Clones","release_date":"2002-05-16","poster_path":"/2vcNFtrZXNwIcBgH5e2xXCmVR8t.jpg","popularity":84989.28,"title":"Star Wars: Episode II - Attack of the Clones","vote_average":7.4,"vote_count":83},{"adult":false,"backdrop_path":"/4ZwXJcUT3KdE8Kan9TJ7l0Rg5LG.jpg","id":411,"original_title":"The Chronicles of Narnia: The Lion, the Witch and the Wardrobe","release_date":"2005-12-09","poster_path":"/l1NNAvgIj5QVpbJNp8GN7KCyl3f.jpg","popularity":9451.736,"title":"The Chronicles of Narnia: The Lion, the Witch and the Wardrobe","vote_average":7.2,"vote_count":31},{"adult":false,"backdrop_path":"/gmLMaDXi4lFWG8WitaCYOJS5GtL.jpg","id":12180,"original_title":"Star Wars: The Clone Wars","release_date":"2008-08-15","poster_path":"/xd6yhmtS6mEURZLwUDT5raEMbf.jpg","popularity":1195.694,"title":"Star Wars: The Clone Wars","vote_average":7.1,"vote_count":13},{"adult":false,"backdrop_path":"/p316U0b8c9uu3Aelv2ZNb1YXYil.jpg","id":106581,"original_title":"Star Wars: Clone Wars - Volume One","release_date":"2003-11-07","poster_path":"/bXJAoCwXCQOxf44GqShnJWz3NiX.jpg","popularity":12.017,"title":"Star Wars: Clone Wars - Volume One","vote_average":5.0,"vote_count":2},{"adult":false,"backdrop_path":null,"id":140607,"original_title":"Star Wars: Episode VII","release_date":"2015-01-01","poster_path":"/t3aXDG1ktf6cRJ6iK4epQKxh6Ey.jpg","popularity":8.785,"title":"Star Wars: Episode VII","vote_average":0.0,"vote_count":0},{"adult":false,"backdrop_path":"/8DwkKEwUnd3pMybYpimqVTggtrG.jpg","id":106585,"original_title":"Star Wars: Clone Wars - Volume Two","release_date":"2004-03-26","poster_path":"/4xKn00AlKaOwLsuMvmcqpR5Vtwy.jpg","popularity":10.313,"title":"Star Wars: Clone Wars - Volume Two","vote_average":5.0,"vote_count":2},{"adult":false,"backdrop_path":"/69vTwJvtUNUihum6hjRWFmdWJse.jpg","id":41159,"original_title":"The War of the Stars: A New Hope Grindhoused","release_date":"2010-01-01","poster_path":"/e0FOUUeNry9ur7Ob9e7JOLR1XY5.jpg","popularity":16.37,"title":"The War of the Stars: A New Hope Grindhoused","vote_average":8.0,"vote_count":2},{"adult":false,"backdrop_path":"/9zNu80EjtkvDImE4goHFsI6z3JW.jpg","id":10372,"original_title":"Ewoks: The Battle for Endor","release_date":"1985-11-24","poster_path":"/qmK6nRnyF2uMX0JzoNByfchyl2L.jpg","popularity":3.112,"title":"Ewoks: The Battle for Endor","vote_average":10.0,"vote_count":2},{"adult":false,"backdrop_path":"/hYJ1gD7bHtQsNKV8UVTsX9tD1EJ.jpg","id":70608,"original_title":"LEGO - Star Wars: The Padawan Menace","release_date":"2011-07-22","poster_path":"/y4PN0mM9gu5iUCPkXIVMOnNqS33.jpg","popularity":5.649,"title":"LEGO - Star Wars: The Padawan Menace","vote_average":9.5,"vote_count":1},{"adult":false,"backdrop_path":"/dmLfnPklVIXpOYbJaUKF3pgXsWk.jpg","id":1884,"original_title":"The Ewok Adventure","release_date":"1984-11-25","poster_path":"/nBj50ywoyBPHlXXIByIxzgjPWPZ.jpg","popularity":7.974,"title":"The Ewok Adventure","vote_average":10.0,"vote_count":4},{"adult":false,"backdrop_path":"/gRp1LqLRNcAIMdFAFifiny0wRnt.jpg","id":81234,"original_title":"Lego Star Wars: Revenge of The Brick","release_date":"2005-08-05","poster_path":"/h16pdjb3EXBqzlhVCiAbShTju1N.jpg","popularity":1.368,"title":"Lego Star Wars: Revenge of The Brick","vote_average":0.0,"vote_count":0},{"adult":false,"backdrop_path":"/ie6u0zegHcVJEtHSpYn0KgEogrD.jpg","id":74849,"original_title":"Star Wars: Holiday Special","release_date":"1978-11-17","poster_path":"/lLzVJ5vTrGVtQ7M5IAmad2O6RWO.jpg","popularity":3.766,"title":"Star Wars: Holiday Special","vote_average":2.7,"vote_count":3},{"adult":false,"backdrop_path":"/a11Bz0Whn2x721axgdLeaSer3T2.jpg","id":132504,"original_title":"Star Wars: Episode IV - A New Hope Revisited","release_date":"2008-03-02","poster_path":"/7x00BRJuCVfW3bFAN1ECId5aFXu.jpg","popularity":1.763,"title":"Star Wars: Episode IV - A New Hope Revisited","vote_average":8.0,"vote_count":1},{"adult":false,"backdrop_path":"/gZxY7VDOI48gjhnDJK1E6n9uHWk.jpg","id":42979,"original_title":"Robot Chicken: Star Wars","release_date":"2007-07-17","poster_path":"/3vcBL7zNVMhLdFSEh3xiquhdp1x.jpg","popularity":13.031,"title":"Robot Chicken: Star Wars","vote_average":5.8,"vote_count":3},{"adult":false,"backdrop_path":null,"id":99077,"original_title":"Star Wars The Complete Saga: Bonus Disc 1: Episodes I-III Archives","release_date":null,"poster_path":"/o4TxFRuPvhNXjqmlC0mFotTvMnp.jpg","popularity":4.72,"title":"Star Wars The Complete Saga: Bonus Disc 1: Episodes I-III Archives","vote_average":0.0,"vote_count":0}],"total_pages":4,"total_results":61}
