{"width":400.000000,"height":300.000000,"data":[{"name":"table","values":[{"fst":"1901","snd":18.600000,"col":"Republican"},{"fst":"1909","snd":18.650000,"col":"Republican"},{"fst":"1913","snd":18.730000,"col":"Republican"},{"fst":"1921","snd":45.100000,"col":"Democrat"},{"fst":"1923","snd":38.950000,"col":"Republican"},{"fst":"1929","snd":32.250000,"col":"Republican"},{"fst":"1933","snd":73.770000,"col":"Republican"},{"fst":"1945","snd":124.160000,"col":"Democrat"},{"fst":"1953","snd":79.030000,"col":"Democrat"},{"fst":"1961","snd":67.490000,"col":"Republican"},{"fst":"1963","snd":64.000000,"col":"Democrat"},{"fst":"1969","snd":50.720000,"col":"Democrat"},{"fst":"1974","snd":46.010000,"col":"Republican"},{"fst":"1977","snd":47.550000,"col":"Republican"},{"fst":"1981","snd":43.460000,"col":"Democrat"},{"fst":"1989","snd":66.890000,"col":"Democrat"},{"fst":"1993","snd":80.520000,"col":"Republican"},{"fst":"2001","snd":71.170000,"col":"Democrat"},{"fst":"2009","snd":104.470000,"col":"Republican"},{"fst":"2013","snd":124.840000,"col":"Democrat"}]}],"scales":[{"name":"X","zero":true,"type":"ordinal","range":"width","domain":{"data":"table","field":"data.fst"}},{"name":"Y","zero":true,"type":"linear","range":"height","domain":{"data":"table","field":"data.snd"}},{"name":"Color","zero":true,"type":"ordinal","range":"category20","domain":{"data":"table","field":"data.col"}}],"legends":[{"fill":"Color",  "properties": {
                    "labels": { "fill": {"value": "#a0a0a0"}, "fontSize": {"value": 12} }   } }],"axes":[{
              "properties": { "axis": { "stroke": {"value": "#a0a0a0"} },
                "labels": { "fill": {"value": "#a0a0a0"} } } ,"type":"x","scale":"X","values":["1901","1923","1953","1974","1993"]},{
              "properties": { "axis": { "stroke": {"value": "#a0a0a0"} },
                "labels": { "fill": {"value": "#a0a0a0"} } } ,"type":"y","scale":"Y"}],"marks":[{"type":"rect","from":{"data":"table"},"properties":{"enter":{"x":{"scale":"X","field":"data.fst"},"width":{"scale":"X","band":"true","offset":"-1"},"y":{"scale":"Y","value":"0"},"y2":{"scale":"Y","field":"data.snd"},"fill":{"scale":"Color","field":"data.col"}}}}]}