{"width":400.000000,"height":300.000000,"data":[{"name":"table","values":[{"fst":"1900","snd":19.600000,"col":"William McKinley"},{"fst":"1901","snd":18.600000,"col":"Theodore Roosevelt"},{"fst":"1902","snd":17.730000,"col":"Theodore Roosevelt"},{"fst":"1903","snd":17.180000,"col":"Theodore Roosevelt"},{"fst":"1904","snd":18.200000,"col":"Theodore Roosevelt"},{"fst":"1905","snd":16.850000,"col":"Theodore Roosevelt"},{"fst":"1906","snd":16.410000,"col":"Theodore Roosevelt"},{"fst":"1907","snd":15.960000,"col":"Theodore Roosevelt"},{"fst":"1908","snd":19.170000,"col":"Theodore Roosevelt"},{"fst":"1909","snd":18.650000,"col":"William Howard Taft"},{"fst":"1910","snd":18.730000,"col":"William Howard Taft"},{"fst":"1911","snd":19.280000,"col":"William Howard Taft"},{"fst":"1912","snd":18.710000,"col":"William Howard Taft"},{"fst":"1913","snd":18.730000,"col":"Woodrow Wilson"},{"fst":"1914","snd":21.250000,"col":"Woodrow Wilson"},{"fst":"1915","snd":21.620000,"col":"Woodrow Wilson"},{"fst":"1916","snd":18.980000,"col":"Woodrow Wilson"},{"fst":"1917","snd":20.250000,"col":"Woodrow Wilson"},{"fst":"1918","snd":28.460000,"col":"Woodrow Wilson"},{"fst":"1919","snd":44.750000,"col":"Woodrow Wilson"},{"fst":"1920","snd":38.870000,"col":"Woodrow Wilson"},{"fst":"1921","snd":45.100000,"col":"Warren G. Harding"},{"fst":"1922","snd":45.040000,"col":"Warren G. Harding"},{"fst":"1923","snd":38.950000,"col":"Calvin Coolidge"},{"fst":"1924","snd":38.010000,"col":"Calvin Coolidge"},{"fst":"1925","snd":36.720000,"col":"Calvin Coolidge"},{"fst":"1926","snd":34.460000,"col":"Calvin Coolidge"},{"fst":"1927","snd":34.950000,"col":"Calvin Coolidge"},{"fst":"1928","snd":34.160000,"col":"Calvin Coolidge"},{"fst":"1929","snd":32.250000,"col":"Herbert Hoover"},{"fst":"1930","snd":36.760000,"col":"Herbert Hoover"},{"fst":"1931","snd":45.810000,"col":"Herbert Hoover"},{"fst":"1932","snd":65.910000,"col":"Herbert Hoover"},{"fst":"1933","snd":73.770000,"col":"Franklin D. Roosevelt"},{"fst":"1934","snd":69.670000,"col":"Franklin D. Roosevelt"},{"fst":"1935","snd":65.350000,"col":"Franklin D. Roosevelt"},{"fst":"1936","snd":63.550000,"col":"Franklin D. Roosevelt"},{"fst":"1937","snd":60.810000,"col":"Franklin D. Roosevelt"},{"fst":"1938","snd":65.740000,"col":"Franklin D. Roosevelt"},{"fst":"1939","snd":65.400000,"col":"Franklin D. Roosevelt"},{"fst":"1940","snd":70.000000,"col":"Franklin D. Roosevelt"},{"fst":"1941","snd":61.040000,"col":"Franklin D. Roosevelt"},{"fst":"1942","snd":60.860000,"col":"Franklin D. Roosevelt"},{"fst":"1943","snd":81.100000,"col":"Franklin D. Roosevelt"},{"fst":"1944","snd":100.800000,"col":"Franklin D. Roosevelt"},{"fst":"1945","snd":124.160000,"col":"Harry S. Truman"},{"fst":"1946","snd":129.170000,"col":"Harry S. Truman"},{"fst":"1947","snd":112.450000,"col":"Harry S. Truman"},{"fst":"1948","snd":100.590000,"col":"Harry S. Truman"},{"fst":"1949","snd":102.540000,"col":"Harry S. Truman"},{"fst":"1950","snd":95.660000,"col":"Harry S. Truman"},{"fst":"1951","snd":83.230000,"col":"Harry S. Truman"},{"fst":"1952","snd":80.710000,"col":"Harry S. Truman"},{"fst":"1953","snd":79.030000,"col":"Dwight D. Eisenhower"},{"fst":"1954","snd":81.430000,"col":"Dwight D. Eisenhower"},{"fst":"1955","snd":76.830000,"col":"Dwight D. Eisenhower"},{"fst":"1956","snd":73.520000,"col":"Dwight D. Eisenhower"},{"fst":"1957","snd":70.550000,"col":"Dwight D. Eisenhower"},{"fst":"1958","snd":72.310000,"col":"Dwight D. Eisenhower"},{"fst":"1959","snd":69.400000,"col":"Dwight D. Eisenhower"},{"fst":"1960","snd":68.480000,"col":"Dwight D. Eisenhower"},{"fst":"1961","snd":67.490000,"col":"John F. Kennedy"},{"fst":"1962","snd":65.520000,"col":"John F. Kennedy"},{"fst":"1963","snd":64.000000,"col":"Lyndon B. Johnson"},{"fst":"1964","snd":61.530000,"col":"Lyndon B. Johnson"},{"fst":"1965","snd":58.660000,"col":"Lyndon B. Johnson"},{"fst":"1966","snd":55.290000,"col":"Lyndon B. Johnson"},{"fst":"1967","snd":54.550000,"col":"Lyndon B. Johnson"},{"fst":"1968","snd":53.840000,"col":"Lyndon B. Johnson"},{"fst":"1969","snd":50.720000,"col":"Richard Nixon"},{"fst":"1970","snd":50.510000,"col":"Richard Nixon"},{"fst":"1971","snd":50.340000,"col":"Richard Nixon"},{"fst":"1972","snd":49.270000,"col":"Richard Nixon"},{"fst":"1973","snd":47.330000,"col":"Richard Nixon"},{"fst":"1974","snd":46.010000,"col":"Gerald Ford"},{"fst":"1975","snd":46.520000,"col":"Gerald Ford"},{"fst":"1976","snd":47.680000,"col":"Gerald Ford"},{"fst":"1977","snd":47.550000,"col":"Jimmy Carter"},{"fst":"1978","snd":46.110000,"col":"Jimmy Carter"},{"fst":"1979","snd":44.240000,"col":"Jimmy Carter"},{"fst":"1980","snd":44.660000,"col":"Jimmy Carter"},{"fst":"1981","snd":43.460000,"col":"Ronald Reagan"},{"fst":"1982","snd":47.380000,"col":"Ronald Reagan"},{"fst":"1983","snd":51.650000,"col":"Ronald Reagan"},{"fst":"1984","snd":52.650000,"col":"Ronald Reagan"},{"fst":"1985","snd":56.580000,"col":"Ronald Reagan"},{"fst":"1986","snd":62.320000,"col":"Ronald Reagan"},{"fst":"1987","snd":64.700000,"col":"Ronald Reagan"},{"fst":"1988","snd":65.800000,"col":"Ronald Reagan"},{"fst":"1989","snd":66.890000,"col":"George H. W. Bush"},{"fst":"1990","snd":70.100000,"col":"George H. W. Bush"},{"fst":"1991","snd":75.340000,"col":"George H. W. Bush"},{"fst":"1992","snd":78.480000,"col":"George H. W. Bush"},{"fst":"1993","snd":80.520000,"col":"Bill Clinton"},{"fst":"1994","snd":80.700000,"col":"Bill Clinton"},{"fst":"1995","snd":81.410000,"col":"Bill Clinton"},{"fst":"1996","snd":81.030000,"col":"Bill Clinton"},{"fst":"1997","snd":79.100000,"col":"Bill Clinton"},{"fst":"1998","snd":76.890000,"col":"Bill Clinton"},{"fst":"1999","snd":74.570000,"col":"Bill Clinton"},{"fst":"2000","snd":71.150000,"col":"Bill Clinton"},{"fst":"2001","snd":71.170000,"col":"George W. Bush"},{"fst":"2002","snd":74.040000,"col":"George W. Bush"},{"fst":"2003","snd":76.990000,"col":"George W. Bush"},{"fst":"2004","snd":78.720000,"col":"George W. Bush"},{"fst":"2005","snd":79.140000,"col":"George W. Bush"},{"fst":"2006","snd":79.650000,"col":"George W. Bush"},{"fst":"2007","snd":80.940000,"col":"George W. Bush"},{"fst":"2008","snd":87.820000,"col":"George W. Bush"},{"fst":"2009","snd":104.470000,"col":"Barack Obama"},{"fst":"2010","snd":112.910000,"col":"Barack Obama"},{"fst":"2011","snd":117.220000,"col":"Barack Obama"},{"fst":"2012","snd":121.130000,"col":"Barack Obama"},{"fst":"2013","snd":124.840000,"col":"Barack Obama"},{"fst":"2014","snd":125.160000,"col":"Barack Obama"}]}],"scales":[{"name":"X","zero":true,"type":"ordinal","range":"width","domain":{"data":"table","field":"data.fst"}},{"name":"Y","zero":true,"type":"linear","range":"height","domain":{"data":"table","field":"data.snd"}},{"name":"Color","zero":true,"type":"ordinal","range":"category20","domain":{"data":"table","field":"data.col"}}],"legends":[{"fill":"Color",  "properties": {
                    "labels": { "fill": {"value": "#a0a0a0"}, "fontSize": {"value": 12} }   } }],"axes":[{
              "properties": { "axis": { "stroke": {"value": "#a0a0a0"} },
                "labels": { "fill": {"value": "#a0a0a0"} } } ,"type":"x","scale":"X","values":["1900","1923","1946","1969","1992"]},{
              "properties": { "axis": { "stroke": {"value": "#a0a0a0"} },
                "labels": { "fill": {"value": "#a0a0a0"} } } ,"type":"y","scale":"Y"}],"marks":[{"type":"rect","from":{"data":"table"},"properties":{"enter":{"x":{"scale":"X","field":"data.fst"},"width":{"scale":"X","band":"true","offset":"-1"},"y":{"scale":"Y","value":"0"},"y2":{"scale":"Y","field":"data.snd"},"fill":{"scale":"Color","field":"data.col"}}}}]}