{"cast":[{"id":612,"title":"Munich","character":"Steve","original_title":"Munich","poster_path":"/t2HJlfMN1oxXiOrqkdTc5KltGSG.jpg","release_date":"2005-12-22","adult":false},{"id":1995,"title":"Lara Croft: Tomb Raider","character":"Alex West","original_title":"Lara Croft: Tomb Raider","poster_path":"/m6aodY7SrvlTRiUFkxClaNAIQT.jpg","release_date":"2001-06-11","adult":false},{"id":2268,"title":"The Golden Compass","character":"Lord Asriel","original_title":"The Golden Compass","poster_path":"/p9I0fu6MeMPF3NYKij7JtSNlG2W.jpg","release_date":"2007-12-07","adult":false},{"id":4147,"title":"Road to Perdition","character":"Connor Rooney","original_title":"Road to Perdition","poster_path":"/jn0GH8klINSQtRNifY8W2Kv4ajl.jpg","release_date":"2002-07-12","adult":false},{"id":4518,"title":"Elizabeth","character":"John Ballard","original_title":"Elizabeth","poster_path":"/y4ynYOy205LorkOIN6hs6DgJ1xa.jpg","release_date":"1998-09-13","adult":false},{"id":4858,"title":"The Invasion","character":"Ben","original_title":"The Invasion","poster_path":"/AiGIhoLpX4gcbbaX6JwFSygAqPY.jpg","release_date":"2007-08-17","adult":false},{"id":9667,"title":"The Jacket","character":"Rudy Mackenzie","original_title":"The Jacket","poster_path":"/aCI2nCZPPrPxTkJj5HQuobhLsBP.jpg","release_date":"2005-01-23","adult":false},{"id":13793,"title":"Flashbacks of a Fool","character":"Joe Scott","original_title":"Flashbacks of a Fool","poster_path":"/pehFi5sKgSYKoBKb4XpfdK26dzZ.jpg","release_date":"2008-10-17","adult":false},{"id":13813,"title":"Defiance","character":"Tuvia Bielski","original_title":"Defiance","poster_path":"/3Iu1jCiWxeLJZeNczzRwMi9OWPk.jpg","release_date":"2008-12-31","adult":false},{"id":13823,"title":"The Power of One","character":"Sergeant Botha","original_title":"The Power of One","poster_path":"/unOrTD5vUywKLtu4DhMuobxC3zG.jpg","release_date":"1992-09-17","adult":false},{"id":17578,"title":"The Adventures of Tintin","character":"Sakharine / Red Rackham (voice)","original_title":"The Adventures of Tintin","poster_path":"/bDE10SyVAFEBrwI6qettdCHQjT.jpg","release_date":"2011-12-20","adult":false},{"id":28200,"title":"Sylvia","character":"Ted Hughes","original_title":"Sylvia","poster_path":"/CZ25etNVPQ7OX8F8dOkRkS4xW.jpg","release_date":"2003-10-17","adult":false},{"id":37108,"title":"A Kid in King Arthur's Court","character":"Master Kane","original_title":"A Kid in King Arthur's Court","poster_path":"/bKuz5nBThaEQMuu1CanS8jAgjZY.jpg","release_date":"1995-08-11","adult":false},{"id":55143,"title":"Love and Rage","character":"James Lynchehaun","original_title":"Love and Rage","poster_path":"/bZr2f1WZOsxJKJ27D3OEYS18Fdg.jpg","release_date":"2002-04-09","adult":false},{"id":59210,"title":"The Mother","character":"Darren","original_title":"The Mother","poster_path":"/8GV8AjbqKIN0q5vuEwYXUtk6UdM.jpg","release_date":"2003-01-01","adult":false},{"id":49849,"title":"Cowboys & Aliens","character":"Jake Lonergan","original_title":"Cowboys & Aliens","poster_path":"/tXEHvxU315Yu7bEaMMRcpDpW6RI.jpg","release_date":"2011-07-29","adult":false},{"id":65754,"title":"The Girl with the Dragon Tattoo","character":"Mikael Blomkvist","original_title":"The Girl with the Dragon Tattoo","poster_path":"/voxRWFTtagLiqnJQs9tWQLB0MN.jpg","release_date":"2011-12-14","adult":false},{"id":69668,"title":"Dream House","character":"Will Atenton","original_title":"Dream House","poster_path":"/bUiNjDzhnNRxb6NsZlihMUJbGDS.jpg","release_date":"2011-09-30","adult":false},{"id":75720,"title":"One Life","character":"Narrator (voice)","original_title":"One Life","poster_path":"/hniCb6G1TSfGBltz2LWSmyzIc9E.jpg","release_date":"2011-07-22","adult":false},{"id":31446,"title":"Archangel","character":"Prof. Fluke Kelso","original_title":"Archangel","poster_path":"/6HMJLStFTjjX5L83IRyOjStbKv8.jpg","release_date":"2005-03-18","adult":false},{"id":9391,"title":"Enduring Love","character":"Joe","original_title":"Enduring Love","poster_path":"/7QY8Mz9FgyREQVjlh1IY5wT8b9Q.jpg","release_date":"2004-11-26","adult":false},{"id":37724,"title":"Skyfall","character":"James Bond","original_title":"Skyfall","poster_path":"/uVALAeLEMGMf3oYpvdVi4uuaNOo.jpg","release_date":"2012-11-10","adult":false},{"id":51016,"title":"Copenhagen","character":"Werner Heisenberg","original_title":"Copenhagen","poster_path":"/fMHqBipUbrr4spnKt5TmSA6LOu8.jpg","release_date":"2002-09-27","adult":false},{"id":4975,"title":"Love Is the Devil: Study for a Portrait of Francis Bacon","character":"George Dyer","original_title":"Love Is the Devil: Study for a Portrait of Francis Bacon","poster_path":"/5rWJbIp8mE0h57H8Vub6BcQA1zr.jpg","release_date":"1998-09-16","adult":false},{"id":9389,"title":"Renaissance","character":"Barth�l�my Karas","original_title":"Renaissance","poster_path":"/lkz3xArqgHoeLOWGv6nqziPcaY6.jpg","release_date":"2006-03-15","adult":false},{"id":10764,"title":"Quantum of Solace","character":"James Bond","original_title":"Quantum of Solace","poster_path":"/timvlg7FzAhqQOWxt04rDg2ZgzU.jpg","release_date":"2008-10-30","adult":false},{"id":36557,"title":"Casino Royale","character":"James Bond","original_title":"Casino Royale","poster_path":"/1P2SaV8mXFPn1jYD166KV0SWp8J.jpg","release_date":"2006-11-15","adult":false},{"id":4836,"title":"Layer Cake","character":"XXXX","original_title":"Layer Cake","poster_path":"/gg4RCIhUaJVuIYnfs2cyCgykzdm.jpg","release_date":"2004-09-30","adult":false},{"id":21311,"title":"I Dreamed of Africa","character":"Declan Fielding","original_title":"I Dreamed of Africa","poster_path":"/ocZ9NzgxvQNFaAKeKJtYr8nc9Al.jpg","release_date":"2000-05-05","adult":false},{"id":27123,"title":"The Trench","character":"Sgt. Telford Winter","original_title":"The Trench","poster_path":"/yu19Toc54a5jvwd1B59519CSlVx.jpg","release_date":"1999-09-17","adult":false},{"id":83581,"title":"Some Voices","character":"Ray","original_title":"Some Voices","poster_path":"/7tvCuw41oIuAjzpsDsKXYTd5Bty.jpg","release_date":"2000-08-25","adult":false},{"id":98544,"title":"Obsession","character":"John MacHale","original_title":"Obsession","poster_path":"/nii1GQ2F80Chn7gqe7aNs6KBvAF.jpg","release_date":"1997-08-28","adult":false},{"id":124844,"title":"Saint-Ex","character":"Guillaumet","original_title":"Saint-Ex","poster_path":"/h70oUXmTFwbVKwogCipFu4iaj4W.jpg","release_date":"1996-11-17","adult":false},{"id":125409,"title":"Kiss And Tell","character":"Matt Kearney","original_title":"Kiss And Tell","poster_path":"/nUi1u8ecnwpbVvzq4l6zHe6ND6i.jpg","release_date":"1996-11-09","adult":false},{"id":155055,"title":"The Ice House","character":"D.S. Andy McLoughlin","original_title":"The Ice House","poster_path":"/oZCUQQtbJeS7WsFv85uncNfBChW.jpg","release_date":"1997-04-04","adult":false},{"id":135921,"title":"Everything or Nothing: The Untold Story of 007","character":"himself","original_title":"Everything or Nothing: The Untold Story of 007","poster_path":"/yYwFgEUO1kB7nooj9Zk8JxC5xHf.jpg","release_date":"2012-10-05","adult":false},{"id":88726,"title":"Sword of Honour","character":"Guy Crouchback","original_title":"Sword of Honour","poster_path":"/5geWS9f6jSZgTCJDf09YV3IsXJ0.jpg","release_date":"2001-01-02","adult":false},{"id":67252,"title":"Hotel Splendide","character":"Ronald Blanche","original_title":"Hotel Splendide","poster_path":"/9BKPNS6tFihj3TVbBI7AlFyqUSg.jpg","release_date":"2000-09-21","adult":false},{"id":188454,"title":"Happy and Glorious","character":"James Bond","original_title":"Happy and Glorious","poster_path":"/6BzOSayWxGP2XU45MoXh92rFQE5.jpg","release_date":"2012-07-26","adult":false},{"id":206647,"title":"Bond 24","character":"James Bond","original_title":"Bond 24","poster_path":null,"release_date":"2015-10-22","adult":false},{"id":211191,"title":"Our Friends in the North","character":"","original_title":"Our Friends in the North","poster_path":"/1hAufCr09hWwpbKYrLDw1YVYaYH.jpg","release_date":"1996-01-13","adult":false},{"id":9672,"title":"Infamous","character":"Perry Smith","original_title":"Infamous","poster_path":"/5S1Ht6LoPsiN8NC9g7QySJoctvC.jpg","release_date":"2006-11-16","adult":false}],"crew":[{"id":13793,"title":"Flashbacks of a Fool","original_title":"Flashbacks of a Fool","department":"Production","job":"Executive Producer","poster_path":"/pehFi5sKgSYKoBKb4XpfdK26dzZ.jpg","release_date":"2008-10-17","adult":false}],"id":8784}