{"width":400.000000,"height":300.000000,"data":[{"name":"table","values":[{"fst":"1901","snd":-1.000000,"col":"Republican"},{"fst":"1902","snd":-0.870000,"col":"Republican"},{"fst":"1903","snd":-0.550000,"col":"Republican"},{"fst":"1904","snd":1.020000,"col":"Republican"},{"fst":"1905","snd":-1.350000,"col":"Republican"},{"fst":"1906","snd":-0.440000,"col":"Republican"},{"fst":"1907","snd":-0.450000,"col":"Republican"},{"fst":"1908","snd":3.210000,"col":"Republican"},{"fst":"1909","snd":-0.520000,"col":"Republican"},{"fst":"1910","snd":0.080000,"col":"Republican"},{"fst":"1911","snd":0.550000,"col":"Republican"},{"fst":"1912","snd":-0.570000,"col":"Republican"},{"fst":"1913","snd":0.020000,"col":"Democrat"},{"fst":"1914","snd":2.520000,"col":"Democrat"},{"fst":"1915","snd":0.370000,"col":"Democrat"},{"fst":"1916","snd":-2.640000,"col":"Democrat"},{"fst":"1917","snd":1.270000,"col":"Democrat"},{"fst":"1918","snd":8.210000,"col":"Democrat"},{"fst":"1919","snd":16.290000,"col":"Democrat"},{"fst":"1920","snd":-5.880000,"col":"Democrat"},{"fst":"1921","snd":6.230000,"col":"Republican"},{"fst":"1922","snd":-0.060000,"col":"Republican"},{"fst":"1923","snd":-6.090000,"col":"Republican"},{"fst":"1924","snd":-0.940000,"col":"Republican"},{"fst":"1925","snd":-1.290000,"col":"Republican"},{"fst":"1926","snd":-2.260000,"col":"Republican"},{"fst":"1927","snd":0.490000,"col":"Republican"},{"fst":"1928","snd":-0.790000,"col":"Republican"},{"fst":"1929","snd":-1.910000,"col":"Republican"},{"fst":"1930","snd":4.510000,"col":"Republican"},{"fst":"1931","snd":9.050000,"col":"Republican"},{"fst":"1932","snd":20.100000,"col":"Republican"},{"fst":"1933","snd":7.860000,"col":"Democrat"},{"fst":"1934","snd":-4.100000,"col":"Democrat"},{"fst":"1935","snd":-4.320000,"col":"Democrat"},{"fst":"1936","snd":-1.800000,"col":"Democrat"},{"fst":"1937","snd":-2.740000,"col":"Democrat"},{"fst":"1938","snd":4.930000,"col":"Democrat"},{"fst":"1939","snd":-0.340000,"col":"Democrat"},{"fst":"1940","snd":4.600000,"col":"Democrat"},{"fst":"1941","snd":-8.960000,"col":"Democrat"},{"fst":"1942","snd":-0.180000,"col":"Democrat"},{"fst":"1943","snd":20.240000,"col":"Democrat"},{"fst":"1944","snd":19.700000,"col":"Democrat"},{"fst":"1945","snd":23.360000,"col":"Democrat"},{"fst":"1946","snd":5.010000,"col":"Democrat"},{"fst":"1947","snd":-16.720000,"col":"Democrat"},{"fst":"1948","snd":-11.860000,"col":"Democrat"},{"fst":"1949","snd":1.950000,"col":"Democrat"},{"fst":"1950","snd":-6.880000,"col":"Democrat"},{"fst":"1951","snd":-12.430000,"col":"Democrat"},{"fst":"1952","snd":-2.520000,"col":"Democrat"},{"fst":"1953","snd":-1.680000,"col":"Republican"},{"fst":"1954","snd":2.400000,"col":"Republican"},{"fst":"1955","snd":-4.600000,"col":"Republican"},{"fst":"1956","snd":-3.310000,"col":"Republican"},{"fst":"1957","snd":-2.970000,"col":"Republican"},{"fst":"1958","snd":1.760000,"col":"Republican"},{"fst":"1959","snd":-2.910000,"col":"Republican"},{"fst":"1960","snd":-0.920000,"col":"Republican"},{"fst":"1961","snd":-0.990000,"col":"Democrat"},{"fst":"1962","snd":-1.970000,"col":"Democrat"},{"fst":"1963","snd":-1.520000,"col":"Democrat"},{"fst":"1964","snd":-2.470000,"col":"Democrat"},{"fst":"1965","snd":-2.870000,"col":"Democrat"},{"fst":"1966","snd":-3.370000,"col":"Democrat"},{"fst":"1967","snd":-0.740000,"col":"Democrat"},{"fst":"1968","snd":-0.710000,"col":"Democrat"},{"fst":"1969","snd":-3.120000,"col":"Republican"},{"fst":"1970","snd":-0.210000,"col":"Republican"},{"fst":"1971","snd":-0.170000,"col":"Republican"},{"fst":"1972","snd":-1.070000,"col":"Republican"},{"fst":"1973","snd":-1.940000,"col":"Republican"},{"fst":"1974","snd":-1.320000,"col":"Republican"},{"fst":"1975","snd":0.510000,"col":"Republican"},{"fst":"1976","snd":1.160000,"col":"Republican"},{"fst":"1977","snd":-0.130000,"col":"Democrat"},{"fst":"1978","snd":-1.440000,"col":"Democrat"},{"fst":"1979","snd":-1.870000,"col":"Democrat"},{"fst":"1980","snd":0.420000,"col":"Democrat"},{"fst":"1981","snd":-1.200000,"col":"Republican"},{"fst":"1982","snd":3.920000,"col":"Republican"},{"fst":"1983","snd":4.270000,"col":"Republican"},{"fst":"1984","snd":1.000000,"col":"Republican"},{"fst":"1985","snd":3.930000,"col":"Republican"},{"fst":"1986","snd":5.740000,"col":"Republican"},{"fst":"1987","snd":2.380000,"col":"Republican"},{"fst":"1988","snd":1.100000,"col":"Republican"},{"fst":"1989","snd":1.090000,"col":"Republican"},{"fst":"1990","snd":3.210000,"col":"Republican"},{"fst":"1991","snd":5.240000,"col":"Republican"},{"fst":"1992","snd":3.140000,"col":"Republican"},{"fst":"1993","snd":2.040000,"col":"Democrat"},{"fst":"1994","snd":0.180000,"col":"Democrat"},{"fst":"1995","snd":0.710000,"col":"Democrat"},{"fst":"1996","snd":-0.380000,"col":"Democrat"},{"fst":"1997","snd":-1.930000,"col":"Democrat"},{"fst":"1998","snd":-2.210000,"col":"Democrat"},{"fst":"1999","snd":-2.320000,"col":"Democrat"},{"fst":"2000","snd":-3.420000,"col":"Democrat"},{"fst":"2001","snd":0.020000,"col":"Republican"},{"fst":"2002","snd":2.870000,"col":"Republican"},{"fst":"2003","snd":2.950000,"col":"Republican"},{"fst":"2004","snd":1.730000,"col":"Republican"},{"fst":"2005","snd":0.420000,"col":"Republican"},{"fst":"2006","snd":0.510000,"col":"Republican"},{"fst":"2007","snd":1.290000,"col":"Republican"},{"fst":"2008","snd":6.880000,"col":"Republican"},{"fst":"2009","snd":16.650000,"col":"Democrat"},{"fst":"2010","snd":8.440000,"col":"Democrat"},{"fst":"2011","snd":4.310000,"col":"Democrat"},{"fst":"2012","snd":3.910000,"col":"Democrat"},{"fst":"2013","snd":3.710000,"col":"Democrat"},{"fst":"2014","snd":0.320000,"col":"Democrat"}]}],"scales":[{"name":"X","zero":true,"type":"ordinal","range":"width","domain":{"data":"table","field":"data.fst"}},{"name":"Y","zero":true,"type":"linear","range":"height","domain":{"data":"table","field":"data.snd"}},{"name":"Color","zero":true,"type":"ordinal","range":"category20","domain":{"data":"table","field":"data.col"}}],"legends":[{"fill":"Color",  "properties": {
                    "labels": { "fill": {"value": "#a0a0a0"}, "fontSize": {"value": 12} }   } }],"axes":[{
              "properties": { "axis": { "stroke": {"value": "#a0a0a0"} },
                "labels": { "fill": {"value": "#a0a0a0"} } } ,"type":"x","scale":"X","values":["1901","1923","1945","1967","1989","2011"]},{
              "properties": { "axis": { "stroke": {"value": "#a0a0a0"} },
                "labels": { "fill": {"value": "#a0a0a0"} } } ,"type":"y","scale":"Y"}],"marks":[{"type":"rect","from":{"data":"table"},"properties":{"enter":{"x":{"scale":"X","field":"data.fst"},"width":{"scale":"X","band":"true","offset":"-1"},"y":{"scale":"Y","value":"0"},"y2":{"scale":"Y","field":"data.snd"},"fill":{"scale":"Color","field":"data.col"}}}}]}