{"statuses":[{"metadata":{"result_type":"recent","iso_language_code":"en"},"created_at":"Mon Apr 15 01:28:55 +0000 2013","id":323608842288119808,"id_str":"323608842288119808","text":"Demo: visualize World Bank data in R with #fsharp Type Providers. http:\/\/t.co\/SfWQFGlEmX","source":"\u003ca href=\"http:\/\/twitter.com\/tweetbutton\" rel=\"nofollow\"\u003eTweet Button\u003c\/a\u003e","truncated":false,"in_reply_to_status_id":null,"in_reply_to_status_id_str":null,"in_reply_to_user_id":null,"in_reply_to_user_id_str":null,"in_reply_to_screen_name":null,"user":{"id":15075517,"id_str":"15075517","name":"Mathias Brandewinder","screen_name":"brandewinder","location":"San Francisco","description":"Figuring out things, one model at a time.","url":"http:\/\/clear-lines.com\/blog\/","entities":{"url":{"urls":[{"url":"http:\/\/clear-lines.com\/blog\/","expanded_url":null,"indices":[0,28]}]},"description":{"urls":[]}},"protected":false,"followers_count":464,"friends_count":521,"listed_count":16,"created_at":"Tue Jun 10 17:47:42 +0000 2008","favourites_count":133,"utc_offset":-28800,"time_zone":"Pacific Time (US & Canada)","geo_enabled":true,"verified":false,"statuses_count":3018,"lang":"en","contributors_enabled":false,"is_translator":false,"profile_background_color":"709397","profile_background_image_url":"http:\/\/a0.twimg.com\/images\/themes\/theme6\/bg.gif","profile_background_image_url_https":"https:\/\/si0.twimg.com\/images\/themes\/theme6\/bg.gif","profile_background_tile":false,"profile_image_url":"http:\/\/a0.twimg.com\/profile_images\/55288241\/TournesolPendule_normal.jpg","profile_image_url_https":"https:\/\/si0.twimg.com\/profile_images\/55288241\/TournesolPendule_normal.jpg","profile_link_color":"FF3300","profile_sidebar_border_color":"86A4A6","profile_sidebar_fill_color":"A0C5C7","profile_text_color":"333333","profile_use_background_image":true,"default_profile":false,"default_profile_image":false,"following":null,"follow_request_sent":null,"notifications":null},"geo":null,"coordinates":null,"place":null,"contributors":null,"retweet_count":0,"favorite_count":0,"entities":{"hashtags":[{"text":"fsharp","indices":[42,49]}],"urls":[{"url":"http:\/\/t.co\/SfWQFGlEmX","expanded_url":"http:\/\/youtu.be\/_BOST3W88-Y","display_url":"youtu.be\/_BOST3W88-Y","indices":[66,88]}],"user_mentions":[]},"favorited":false,"retweeted":false,"possibly_sensitive":false,"lang":"en"},{"metadata":{"result_type":"recent","iso_language_code":"en"},"created_at":"Mon Apr 15 00:18:36 +0000 2013","id":323591149640093697,"id_str":"323591149640093697","text":"RT @MikeMKH: How to find islands of data in #fsharp http:\/\/t.co\/yhUA2U9AtH or Don't Mind the Gap","source":"\u003ca href=\"http:\/\/twitter.com\/#!\/download\/ipad\" rel=\"nofollow\"\u003eTwitter for iPad\u003c\/a\u003e","truncated":false,"in_reply_to_status_id":null,"in_reply_to_status_id_str":null,"in_reply_to_user_id":null,"in_reply_to_user_id_str":null,"in_reply_to_screen_name":null,"user":{"id":17561444,"id_str":"17561444","name":"Carl Schrammel","screen_name":"carlschrammel","location":"Brookfield, WI","description":"Software Craftsman, Home Brewer, Fantasy Baseball Addict","url":"http:\/\/www.indiecode.net","entities":{"url":{"urls":[{"url":"http:\/\/www.indiecode.net","expanded_url":null,"indices":[0,24]}]},"description":{"urls":[]}},"protected":false,"followers_count":156,"friends_count":275,"listed_count":4,"created_at":"Sat Nov 22 19:19:20 +0000 2008","favourites_count":40,"utc_offset":-21600,"time_zone":"Central Time (US & Canada)","geo_enabled":true,"verified":false,"statuses_count":976,"lang":"en","contributors_enabled":false,"is_translator":false,"profile_background_color":"C0DEED","profile_background_image_url":"http:\/\/a0.twimg.com\/images\/themes\/theme1\/bg.png","profile_background_image_url_https":"https:\/\/si0.twimg.com\/images\/themes\/theme1\/bg.png","profile_background_tile":false,"profile_image_url":"http:\/\/a0.twimg.com\/profile_images\/3144205929\/8e909f0a04b04adefb4314ba5f1a5fbf_normal.jpeg","profile_image_url_https":"https:\/\/si0.twimg.com\/profile_images\/3144205929\/8e909f0a04b04adefb4314ba5f1a5fbf_normal.jpeg","profile_banner_url":"https:\/\/si0.twimg.com\/profile_banners\/17561444\/1362251737","profile_link_color":"0084B4","profile_sidebar_border_color":"C0DEED","profile_sidebar_fill_color":"DDEEF6","profile_text_color":"333333","profile_use_background_image":true,"default_profile":true,"default_profile_image":false,"following":null,"follow_request_sent":null,"notifications":null},"geo":null,"coordinates":null,"place":null,"contributors":null,"retweeted_status":{"metadata":{"result_type":"recent","iso_language_code":"en"},"created_at":"Sun Apr 14 23:27:08 +0000 2013","id":323578194995314689,"id_str":"323578194995314689","text":"How to find islands of data in #fsharp http:\/\/t.co\/yhUA2U9AtH or Don't Mind the Gap","source":"web","truncated":false,"in_reply_to_status_id":null,"in_reply_to_status_id_str":null,"in_reply_to_user_id":null,"in_reply_to_user_id_str":null,"in_reply_to_screen_name":null,"user":{"id":14174177,"id_str":"14174177","name":"MikeMKH","screen_name":"MikeMKH","location":"Mundelein, IL","description":"Software Craftsman","url":"http:\/\/www.facebook.com\/profile.php?id=1360224294&ref=profile","entities":{"url":{"urls":[{"url":"http:\/\/www.facebook.com\/profile.php?id=1360224294&ref=profile","expanded_url":null,"indices":[0,61]}]},"description":{"urls":[]}},"protected":false,"followers_count":96,"friends_count":37,"listed_count":5,"created_at":"Wed Mar 19 02:32:16 +0000 2008","favourites_count":15,"utc_offset":-21600,"time_zone":"Central Time (US & Canada)","geo_enabled":false,"verified":false,"statuses_count":1483,"lang":"en","contributors_enabled":false,"is_translator":false,"profile_background_color":"642D8B","profile_background_image_url":"http:\/\/a0.twimg.com\/images\/themes\/theme10\/bg.gif","profile_background_image_url_https":"https:\/\/si0.twimg.com\/images\/themes\/theme10\/bg.gif","profile_background_tile":true,"profile_image_url":"http:\/\/a0.twimg.com\/profile_images\/2566577966\/t0pevvzo04akh52ypi3t_normal.jpeg","profile_image_url_https":"https:\/\/si0.twimg.com\/profile_images\/2566577966\/t0pevvzo04akh52ypi3t_normal.jpeg","profile_link_color":"FF0000","profile_sidebar_border_color":"65B0DA","profile_sidebar_fill_color":"7AC3EE","profile_text_color":"3D1957","profile_use_background_image":true,"default_profile":false,"default_profile_image":false,"following":null,"follow_request_sent":null,"notifications":null},"geo":null,"coordinates":null,"place":null,"contributors":null,"retweet_count":1,"favorite_count":0,"entities":{"hashtags":[{"text":"fsharp","indices":[31,38]}],"urls":[{"url":"http:\/\/t.co\/yhUA2U9AtH","expanded_url":"http:\/\/comp-phil.blogspot.com\/2013\/04\/dont-mind-gap.html","display_url":"comp-phil.blogspot.com\/2013\/04\/dont-m\u2026","indices":[39,61]}],"user_mentions":[]},"favorited":false,"retweeted":false,"possibly_sensitive":false,"lang":"en"},"retweet_count":1,"favorite_count":0,"entities":{"hashtags":[{"text":"fsharp","indices":[44,51]}],"urls":[{"url":"http:\/\/t.co\/yhUA2U9AtH","expanded_url":"http:\/\/comp-phil.blogspot.com\/2013\/04\/dont-mind-gap.html","display_url":"comp-phil.blogspot.com\/2013\/04\/dont-m\u2026","indices":[52,74]}],"user_mentions":[{"screen_name":"MikeMKH","name":"MikeMKH","id":14174177,"id_str":"14174177","indices":[3,11]}]},"favorited":false,"retweeted":false,"possibly_sensitive":false,"lang":"en"},{"metadata":{"result_type":"recent","iso_language_code":"en"},"created_at":"Mon Apr 15 00:07:59 +0000 2013","id":323588475771310082,"id_str":"323588475771310082","text":"\"To me, there's nothing quite like the thrill of the hunt -- finding and killing a nasty bug.\" #GettOffMyLawn #fsharp http:\/\/t.co\/ZpvoIbvhlU","source":"web","truncated":false,"in_reply_to_status_id":null,"in_reply_to_status_id_str":null,"in_reply_to_user_id":null,"in_reply_to_user_id_str":null,"in_reply_to_screen_name":null,"user":{"id":136520561,"id_str":"136520561","name":"Peter Macinkovic","screen_name":"inkovic","location":"Australia","description":"Project Manager, Digital Producer, Technologist. Lover of responsive design and little-big things that make the web. http:\/\/t.co\/LcYYpCqinM ","url":"http:\/\/t.co\/lQuexOUGJk","entities":{"url":{"urls":[{"url":"http:\/\/t.co\/lQuexOUGJk","expanded_url":"http:\/\/inkovic.com\/peter-macinkovic?rel=me","display_url":"inkovic.com\/peter-macinkov\u2026","indices":[0,22]}]},"description":{"urls":[{"url":"http:\/\/t.co\/LcYYpCqinM","expanded_url":"http:\/\/inkovic.com","display_url":"inkovic.com","indices":[117,139]}]}},"protected":false,"followers_count":486,"friends_count":904,"listed_count":4,"created_at":"Sat Apr 24 05:05:20 +0000 2010","favourites_count":89,"utc_offset":36000,"time_zone":"Melbourne","geo_enabled":true,"verified":false,"statuses_count":5404,"lang":"en","contributors_enabled":false,"is_translator":false,"profile_background_color":"F2BF26","profile_background_image_url":"http:\/\/a0.twimg.com\/profile_background_images\/811966489\/f779217b674ba6dbd3b938adc5230d97.jpeg","profile_background_image_url_https":"https:\/\/si0.twimg.com\/profile_background_images\/811966489\/f779217b674ba6dbd3b938adc5230d97.jpeg","profile_background_tile":true,"profile_image_url":"http:\/\/a0.twimg.com\/profile_images\/3382073191\/5d57a2c6c11258ef04978e8c8cc8da8e_normal.png","profile_image_url_https":"https:\/\/si0.twimg.com\/profile_images\/3382073191\/5d57a2c6c11258ef04978e8c8cc8da8e_normal.png","profile_banner_url":"https:\/\/si0.twimg.com\/profile_banners\/136520561\/1362491680","profile_link_color":"806002","profile_sidebar_border_color":"000000","profile_sidebar_fill_color":"F2BF26","profile_text_color":"211E1F","profile_use_background_image":true,"default_profile":false,"default_profile_image":false,"following":null,"follow_request_sent":null,"notifications":null},"geo":null,"coordinates":null,"place":null,"contributors":null,"retweet_count":0,"favorite_count":0,"entities":{"hashtags":[{"text":"GettOffMyLawn","indices":[95,109]},{"text":"fsharp","indices":[110,117]}],"urls":[{"url":"http:\/\/t.co\/ZpvoIbvhlU","expanded_url":"http:\/\/fsharpforfunandprofit.com\/posts\/ten-reasons-not-to-use-a-functional-programming-language\/","display_url":"fsharpforfunandprofit.com\/posts\/ten-reas\u2026","indices":[118,140]}],"user_mentions":[]},"favorited":false,"retweeted":false,"possibly_sensitive":false,"lang":"en"},{"metadata":{"result_type":"recent","iso_language_code":"en"},"created_at":"Sun Apr 14 23:35:26 +0000 2013","id":323580287063838720,"id_str":"323580287063838720","text":"@lambdajam schedule looks awesome http:\/\/t.co\/aBrbAXprsm #fsharp #erlang #haskell #clojure #scala","source":"\u003ca href=\"http:\/\/www.tweetdeck.com\" rel=\"nofollow\"\u003eTweetDeck\u003c\/a\u003e","truncated":false,"in_reply_to_status_id":null,"in_reply_to_status_id_str":null,"in_reply_to_user_id":633182893,"in_reply_to_user_id_str":"633182893","in_reply_to_screen_name":"LambdaJam","user":{"id":808096,"id_str":"808096","name":"Sean Corfield","screen_name":"seancorfield","location":"Castro Valley, CA","description":"Senior Software Architect, World Singles llc; Clojure and CFML evangelist.","url":"http:\/\/corfield.org","entities":{"url":{"urls":[{"url":"http:\/\/corfield.org","expanded_url":null,"indices":[0,19]}]},"description":{"urls":[]}},"protected":false,"followers_count":2604,"friends_count":2031,"listed_count":300,"created_at":"Sat Mar 03 08:00:26 +0000 2007","favourites_count":54,"utc_offset":-28800,"time_zone":"Pacific Time (US & Canada)","geo_enabled":true,"verified":false,"statuses_count":11044,"lang":"en","contributors_enabled":false,"is_translator":false,"profile_background_color":"FFFFFF","profile_background_image_url":"http:\/\/a0.twimg.com\/profile_background_images\/69372\/Coit_Traz_2.jpg","profile_background_image_url_https":"https:\/\/si0.twimg.com\/profile_background_images\/69372\/Coit_Traz_2.jpg","profile_background_tile":true,"profile_image_url":"http:\/\/a0.twimg.com\/profile_images\/1639359985\/conference_photo_245x245_normal.jpg","profile_image_url_https":"https:\/\/si0.twimg.com\/profile_images\/1639359985\/conference_photo_245x245_normal.jpg","profile_link_color":"E12525","profile_sidebar_border_color":"E12525","profile_sidebar_fill_color":"BEBEBE","profile_text_color":"000000","profile_use_background_image":true,"default_profile":false,"default_profile_image":false,"following":null,"follow_request_sent":null,"notifications":null},"geo":null,"coordinates":null,"place":null,"contributors":null,"retweet_count":0,"favorite_count":0,"entities":{"hashtags":[{"text":"fsharp","indices":[57,64]},{"text":"erlang","indices":[65,72]},{"text":"haskell","indices":[73,81]},{"text":"clojure","indices":[82,90]},{"text":"scala","indices":[91,97]}],"urls":[{"url":"http:\/\/t.co\/aBrbAXprsm","expanded_url":"http:\/\/lambdajam.com\/schedule\/","display_url":"lambdajam.com\/schedule\/","indices":[34,56]}],"user_mentions":[{"screen_name":"LambdaJam","name":"Lambda Jam","id":633182893,"id_str":"633182893","indices":[0,10]}]},"favorited":false,"retweeted":false,"possibly_sensitive":false,"lang":"en"},{"metadata":{"result_type":"recent","iso_language_code":"en"},"created_at":"Sun Apr 14 23:31:36 +0000 2013","id":323579321124024322,"id_str":"323579321124024322","text":"RT @cdrnet: MathNET Numerics v2.5 released, should resolve quite a few issues, better perf and #fsharp support: https:\/\/t.co\/VQYZnH3xNC","source":"\u003ca href=\"https:\/\/sourceforge.jp\/projects\/opentween\/\" rel=\"nofollow\"\u003eOpenTween\u003c\/a\u003e","truncated":false,"in_reply_to_status_id":null,"in_reply_to_status_id_str":null,"in_reply_to_user_id":null,"in_reply_to_user_id_str":null,"in_reply_to_screen_name":null,"user":{"id":10971062,"id_str":"10971062","name":"yukitos","screen_name":"yukitos","location":"","description":"","url":null,"entities":{"description":{"urls":[]}},"protected":false,"followers_count":112,"friends_count":198,"listed_count":11,"created_at":"Sat Dec 08 14:43:07 +0000 2007","favourites_count":0,"utc_offset":32400,"time_zone":"Tokyo","geo_enabled":false,"verified":false,"statuses_count":3763,"lang":"en","contributors_enabled":false,"is_translator":false,"profile_background_color":"352726","profile_background_image_url":"http:\/\/a0.twimg.com\/images\/themes\/theme5\/bg.gif","profile_background_image_url_https":"https:\/\/si0.twimg.com\/images\/themes\/theme5\/bg.gif","profile_background_tile":false,"profile_image_url":"http:\/\/a0.twimg.com\/profile_images\/550434823\/icon01_normal.png","profile_image_url_https":"https:\/\/si0.twimg.com\/profile_images\/550434823\/icon01_normal.png","profile_link_color":"D02B55","profile_sidebar_border_color":"829D5E","profile_sidebar_fill_color":"99CC33","profile_text_color":"3E4415","profile_use_background_image":true,"default_profile":false,"default_profile_image":false,"following":null,"follow_request_sent":null,"notifications":null},"geo":null,"coordinates":null,"place":null,"contributors":null,"retweeted_status":{"metadata":{"result_type":"recent","iso_language_code":"en"},"created_at":"Sun Apr 14 18:43:42 +0000 2013","id":323506868532174850,"id_str":"323506868532174850","text":"MathNET Numerics v2.5 released, should resolve quite a few issues, better perf and #fsharp support: https:\/\/t.co\/VQYZnH3xNC","source":"\u003ca href=\"http:\/\/www.twitter.com\" rel=\"nofollow\"\u003eTwitter for Windows\u003c\/a\u003e","truncated":false,"in_reply_to_status_id":null,"in_reply_to_status_id_str":null,"in_reply_to_user_id":null,"in_reply_to_user_id_str":null,"in_reply_to_screen_name":null,"user":{"id":24947396,"id_str":"24947396","name":"Christoph R\u00fcegg","screen_name":"cdrnet","location":"Switzerland","description":"Maintainer of the Math .NET project. Developer at Lokad SAS. Enjoying distributed algorithms and numbercrunching in the cloud. F#\/C#.","url":"http:\/\/christoph.ruegg.name","entities":{"url":{"urls":[{"url":"http:\/\/christoph.ruegg.name","expanded_url":null,"indices":[0,27]}]},"description":{"urls":[]}},"protected":false,"followers_count":117,"friends_count":138,"listed_count":7,"created_at":"Tue Mar 17 20:26:01 +0000 2009","favourites_count":47,"utc_offset":3600,"time_zone":"Bern","geo_enabled":false,"verified":false,"statuses_count":187,"lang":"en","contributors_enabled":false,"is_translator":false,"profile_background_color":"352726","profile_background_image_url":"http:\/\/a0.twimg.com\/images\/themes\/theme5\/bg.gif","profile_background_image_url_https":"https:\/\/si0.twimg.com\/images\/themes\/theme5\/bg.gif","profile_background_tile":false,"profile_image_url":"http:\/\/a0.twimg.com\/profile_images\/3081362048\/dccb0c170105dd9599b19e305271020c_normal.jpeg","profile_image_url_https":"https:\/\/si0.twimg.com\/profile_images\/3081362048\/dccb0c170105dd9599b19e305271020c_normal.jpeg","profile_link_color":"D02B55","profile_sidebar_border_color":"829D5E","profile_sidebar_fill_color":"99CC33","profile_text_color":"3E4415","profile_use_background_image":true,"default_profile":false,"default_profile_image":false,"following":null,"follow_request_sent":null,"notifications":null},"geo":null,"coordinates":null,"place":null,"contributors":null,"retweet_count":7,"favorite_count":0,"entities":{"hashtags":[{"text":"fsharp","indices":[83,90]}],"urls":[{"url":"https:\/\/t.co\/VQYZnH3xNC","expanded_url":"https:\/\/mathnetnumerics.codeplex.com\/releases\/view\/105071","display_url":"mathnetnumerics.codeplex.com\/releases\/view\/\u2026","indices":[100,123]}],"user_mentions":[]},"favorited":false,"retweeted":false,"possibly_sensitive":false,"lang":"en"},"retweet_count":7,"favorite_count":0,"entities":{"hashtags":[{"text":"fsharp","indices":[95,102]}],"urls":[{"url":"https:\/\/t.co\/VQYZnH3xNC","expanded_url":"https:\/\/mathnetnumerics.codeplex.com\/releases\/view\/105071","display_url":"mathnetnumerics.codeplex.com\/releases\/view\/\u2026","indices":[112,135]}],"user_mentions":[{"screen_name":"cdrnet","name":"Christoph R\u00fcegg","id":24947396,"id_str":"24947396","indices":[3,10]}]},"favorited":false,"retweeted":false,"possibly_sensitive":false,"lang":"en"},{"metadata":{"result_type":"recent","iso_language_code":"en"},"created_at":"Sun Apr 14 23:29:57 +0000 2013","id":323578906470920192,"id_str":"323578906470920192","text":"Build with your team, hustle all winter to shine all summer #grindculture","source":"\u003ca href=\"http:\/\/twitter.com\/download\/android\" rel=\"nofollow\"\u003eTwitter for Android\u003c\/a\u003e","truncated":false,"in_reply_to_status_id":null,"in_reply_to_status_id_str":null,"in_reply_to_user_id":null,"in_reply_to_user_id_str":null,"in_reply_to_screen_name":null,"user":{"id":486119252,"id_str":"486119252","name":"will wylie","screen_name":"fsharp_beatz","location":"queen city 704","description":"trying to get my feet wet, production creds include; justendingnow,yungplusanutha,micheal carter,etc. checkout my mixtapes on soundclould.","url":"http:\/\/WWW.SOUNDCLOUD.COM\/fsharpmusic","entities":{"url":{"urls":[{"url":"http:\/\/WWW.SOUNDCLOUD.COM\/fsharpmusic","expanded_url":null,"indices":[0,37]}]},"description":{"urls":[]}},"protected":false,"followers_count":94,"friends_count":232,"listed_count":0,"created_at":"Tue Feb 07 23:11:33 +0000 2012","favourites_count":0,"utc_offset":null,"time_zone":null,"geo_enabled":false,"verified":false,"statuses_count":27,"lang":"en","contributors_enabled":false,"is_translator":false,"profile_background_color":"C0DEED","profile_background_image_url":"http:\/\/a0.twimg.com\/images\/themes\/theme1\/bg.png","profile_background_image_url_https":"https:\/\/si0.twimg.com\/images\/themes\/theme1\/bg.png","profile_background_tile":false,"profile_image_url":"http:\/\/a0.twimg.com\/profile_images\/1811745818\/71111pictures_048_normal.jpg","profile_image_url_https":"https:\/\/si0.twimg.com\/profile_images\/1811745818\/71111pictures_048_normal.jpg","profile_link_color":"0084B4","profile_sidebar_border_color":"C0DEED","profile_sidebar_fill_color":"DDEEF6","profile_text_color":"333333","profile_use_background_image":true,"default_profile":true,"default_profile_image":false,"following":null,"follow_request_sent":null,"notifications":null},"geo":null,"coordinates":null,"place":null,"contributors":null,"retweet_count":0,"favorite_count":0,"entities":{"hashtags":[{"text":"grindculture","indices":[60,73]}],"urls":[],"user_mentions":[]},"favorited":false,"retweeted":false,"lang":"en"},{"metadata":{"result_type":"recent","iso_language_code":"en"},"created_at":"Sun Apr 14 23:27:08 +0000 2013","id":323578194995314689,"id_str":"323578194995314689","text":"How to find islands of data in #fsharp http:\/\/t.co\/yhUA2U9AtH or Don't Mind the Gap","source":"web","truncated":false,"in_reply_to_status_id":null,"in_reply_to_status_id_str":null,"in_reply_to_user_id":null,"in_reply_to_user_id_str":null,"in_reply_to_screen_name":null,"user":{"id":14174177,"id_str":"14174177","name":"MikeMKH","screen_name":"MikeMKH","location":"Mundelein, IL","description":"Software Craftsman","url":"http:\/\/www.facebook.com\/profile.php?id=1360224294&ref=profile","entities":{"url":{"urls":[{"url":"http:\/\/www.facebook.com\/profile.php?id=1360224294&ref=profile","expanded_url":null,"indices":[0,61]}]},"description":{"urls":[]}},"protected":false,"followers_count":96,"friends_count":37,"listed_count":5,"created_at":"Wed Mar 19 02:32:16 +0000 2008","favourites_count":15,"utc_offset":-21600,"time_zone":"Central Time (US & Canada)","geo_enabled":false,"verified":false,"statuses_count":1483,"lang":"en","contributors_enabled":false,"is_translator":false,"profile_background_color":"642D8B","profile_background_image_url":"http:\/\/a0.twimg.com\/images\/themes\/theme10\/bg.gif","profile_background_image_url_https":"https:\/\/si0.twimg.com\/images\/themes\/theme10\/bg.gif","profile_background_tile":true,"profile_image_url":"http:\/\/a0.twimg.com\/profile_images\/2566577966\/t0pevvzo04akh52ypi3t_normal.jpeg","profile_image_url_https":"https:\/\/si0.twimg.com\/profile_images\/2566577966\/t0pevvzo04akh52ypi3t_normal.jpeg","profile_link_color":"FF0000","profile_sidebar_border_color":"65B0DA","profile_sidebar_fill_color":"7AC3EE","profile_text_color":"3D1957","profile_use_background_image":true,"default_profile":false,"default_profile_image":false,"following":null,"follow_request_sent":null,"notifications":null},"geo":null,"coordinates":null,"place":null,"contributors":null,"retweet_count":1,"favorite_count":0,"entities":{"hashtags":[{"text":"fsharp","indices":[31,38]}],"urls":[{"url":"http:\/\/t.co\/yhUA2U9AtH","expanded_url":"http:\/\/comp-phil.blogspot.com\/2013\/04\/dont-mind-gap.html","display_url":"comp-phil.blogspot.com\/2013\/04\/dont-m\u2026","indices":[39,61]}],"user_mentions":[]},"favorited":false,"retweeted":false,"possibly_sensitive":false,"lang":"en"},{"metadata":{"result_type":"recent","iso_language_code":"ja"},"created_at":"Sun Apr 14 23:20:04 +0000 2013","id":323576417117933568,"id_str":"323576417117933568","text":"F# \u306f .NET \u4e0a\u3067\u4f7f\u3048\u308b\u3001\u7c21\u5358\u3001\u30b9\u30c3\u30ad\u30ea\u3001\u52b9\u679c\u7684\u306a\u95a2\u6570\u578b\u30d7\u30ed\u30b0\u30e9\u30df\u30f3\u30b0\u8a00\u8a9e\u3067\u3059...","source":"\u003ca href=\"http:\/\/pha22.net\/twitterbot\/\" rel=\"nofollow\"\u003eEasyBotter\u003c\/a\u003e","truncated":false,"in_reply_to_status_id":null,"in_reply_to_status_id_str":null,"in_reply_to_user_id":null,"in_reply_to_user_id_str":null,"in_reply_to_screen_name":null,"user":{"id":967512451,"id_str":"967512451","name":"F# (\u975e\u516c\u5f0fBot)","screen_name":"fsharp_bot","location":"","description":"Microsoft Research \u306b\u3088\u308a\u751f\u307f\u51fa\u3055\u308c\u305f F# \u8a00\u8a9e\u306b\u3064\u3044\u3066\u767a\u4fe1\u3057\u307e\u3059\u3002\u4e0d\u6163\u308c\u306a\u3082\u306e\u3067\u526f\u4f5c\u7528\u30d0\u30ea\u30d0\u30ea\u304b\u3082\u3057\u308c\u307e\u305b\u3093\u304c\u3001\u6e29\u304b\u304f\u898b\u5b88\u3063\u3066\u3084\u3063\u3066\u304f\u3060\u3055\u3044\u3002\u30ea\u30d7\u30e9\u30a4\u8fd4\u3059\u4f59\u88d5\u306f\u307e\u3060\u3042\u308a\u307e\u305b\u3093(2012\/11\/24)\u3002","url":null,"entities":{"description":{"urls":[]}},"protected":false,"followers_count":15,"friends_count":18,"listed_count":1,"created_at":"Sat Nov 24 06:49:03 +0000 2012","favourites_count":0,"utc_offset":-36000,"time_zone":"Hawaii","geo_enabled":false,"verified":false,"statuses_count":1186,"lang":"ja","contributors_enabled":false,"is_translator":false,"profile_background_color":"C0DEED","profile_background_image_url":"http:\/\/a0.twimg.com\/images\/themes\/theme1\/bg.png","profile_background_image_url_https":"https:\/\/si0.twimg.com\/images\/themes\/theme1\/bg.png","profile_background_tile":false,"profile_image_url":"http:\/\/a0.twimg.com\/sticky\/default_profile_images\/default_profile_3_normal.png","profile_image_url_https":"https:\/\/si0.twimg.com\/sticky\/default_profile_images\/default_profile_3_normal.png","profile_link_color":"0084B4","profile_sidebar_border_color":"C0DEED","profile_sidebar_fill_color":"DDEEF6","profile_text_color":"333333","profile_use_background_image":true,"default_profile":true,"default_profile_image":true,"following":null,"follow_request_sent":null,"notifications":null},"geo":null,"coordinates":null,"place":null,"contributors":null,"retweet_count":0,"favorite_count":0,"entities":{"hashtags":[],"urls":[],"user_mentions":[]},"favorited":false,"retweeted":false,"lang":"ja"},{"metadata":{"result_type":"recent","iso_language_code":"en"},"created_at":"Sun Apr 14 22:54:11 +0000 2013","id":323569904261402624,"id_str":"323569904261402624","text":"@lobrien @7sharp9 Agreed connecting lower bug rates to business value is crucial part of advocacy, e.g. http:\/\/t.co\/zA9DlnRJD6","source":"\u003ca href=\"https:\/\/mobile.twitter.com\" rel=\"nofollow\"\u003eMobile Web (M2)\u003c\/a\u003e","truncated":false,"in_reply_to_status_id":323075650200158208,"in_reply_to_status_id_str":"323075650200158208","in_reply_to_user_id":6151482,"in_reply_to_user_id_str":"6151482","in_reply_to_screen_name":"lobrien","user":{"id":25663453,"id_str":"25663453","name":"Don Syme","screen_name":"dsyme","location":"","description":"","url":"http:\/\/blogs.msdn.com\/b\/dsyme","entities":{"url":{"urls":[{"url":"http:\/\/blogs.msdn.com\/b\/dsyme","expanded_url":null,"indices":[0,29]}]},"description":{"urls":[]}},"protected":false,"followers_count":2144,"friends_count":113,"listed_count":119,"created_at":"Sat Mar 21 11:17:51 +0000 2009","favourites_count":55,"utc_offset":null,"time_zone":null,"geo_enabled":false,"verified":false,"statuses_count":3258,"lang":"en","contributors_enabled":false,"is_translator":false,"profile_background_color":"C0DEED","profile_background_image_url":"http:\/\/a0.twimg.com\/images\/themes\/theme1\/bg.png","profile_background_image_url_https":"https:\/\/si0.twimg.com\/images\/themes\/theme1\/bg.png","profile_background_tile":false,"profile_image_url":"http:\/\/a0.twimg.com\/profile_images\/2534151212\/nzrzcybpx76l76hs1rvf_normal.jpeg","profile_image_url_https":"https:\/\/si0.twimg.com\/profile_images\/2534151212\/nzrzcybpx76l76hs1rvf_normal.jpeg","profile_link_color":"0084B4","profile_sidebar_border_color":"C0DEED","profile_sidebar_fill_color":"DDEEF6","profile_text_color":"333333","profile_use_background_image":true,"default_profile":true,"default_profile_image":false,"following":null,"follow_request_sent":null,"notifications":null},"geo":null,"coordinates":null,"place":null,"contributors":null,"retweet_count":0,"favorite_count":0,"entities":{"hashtags":[],"urls":[{"url":"http:\/\/t.co\/zA9DlnRJD6","expanded_url":"http:\/\/fsharp.org\/testimonials","display_url":"fsharp.org\/testimonials","indices":[104,126]}],"user_mentions":[{"screen_name":"lobrien","name":"Larry O'Brien","id":6151482,"id_str":"6151482","indices":[0,8]},{"screen_name":"7sharp9","name":"Dave Thomas","id":51232024,"id_str":"51232024","indices":[9,17]}]},"favorited":false,"retweeted":false,"possibly_sensitive":false,"lang":"en"},{"metadata":{"result_type":"recent","iso_language_code":"en"},"created_at":"Sun Apr 14 22:51:23 +0000 2013","id":323569199383470080,"id_str":"323569199383470080","text":"RT @sergey_tihon: F# Weekly #15, 2013 (15\/4\/2013) http:\/\/t.co\/klOtdtlJAV    #fsharp","source":"\u003ca href=\"http:\/\/twitter.com\/download\/iphone\" rel=\"nofollow\"\u003eTwitter for iPhone\u003c\/a\u003e","truncated":false,"in_reply_to_status_id":null,"in_reply_to_status_id_str":null,"in_reply_to_user_id":null,"in_reply_to_user_id_str":null,"in_reply_to_screen_name":null,"user":{"id":39761993,"id_str":"39761993","name":"M Oppenheimer","screen_name":"oppenheimmd","location":"City Of London","description":"Coder, avid reader, wheelchair basketball player, violinist ","url":null,"entities":{"description":{"urls":[]}},"protected":false,"followers_count":317,"friends_count":284,"listed_count":12,"created_at":"Wed May 13 14:37:50 +0000 2009","favourites_count":840,"utc_offset":0,"time_zone":"London","geo_enabled":true,"verified":false,"statuses_count":17174,"lang":"en","contributors_enabled":false,"is_translator":false,"profile_background_color":"131516","profile_background_image_url":"http:\/\/a0.twimg.com\/images\/themes\/theme14\/bg.gif","profile_background_image_url_https":"https:\/\/si0.twimg.com\/images\/themes\/theme14\/bg.gif","profile_background_tile":true,"profile_image_url":"http:\/\/a0.twimg.com\/profile_images\/3320379239\/ff3fac0662cf7d9eb5d98a28ae3cc397_normal.jpeg","profile_image_url_https":"https:\/\/si0.twimg.com\/profile_images\/3320379239\/ff3fac0662cf7d9eb5d98a28ae3cc397_normal.jpeg","profile_banner_url":"https:\/\/si0.twimg.com\/profile_banners\/39761993\/1356869870","profile_link_color":"009999","profile_sidebar_border_color":"EEEEEE","profile_sidebar_fill_color":"EFEFEF","profile_text_color":"333333","profile_use_background_image":true,"default_profile":false,"default_profile_image":false,"following":null,"follow_request_sent":null,"notifications":null},"geo":null,"coordinates":null,"place":null,"contributors":null,"retweeted_status":{"metadata":{"result_type":"recent","iso_language_code":"en"},"created_at":"Sun Apr 14 21:04:08 +0000 2013","id":323542207825076225,"id_str":"323542207825076225","text":"F# Weekly #15, 2013 (15\/4\/2013) http:\/\/t.co\/klOtdtlJAV    #fsharp","source":"web","truncated":false,"in_reply_to_status_id":null,"in_reply_to_status_id_str":null,"in_reply_to_user_id":null,"in_reply_to_user_id_str":null,"in_reply_to_screen_name":null,"user":{"id":162725701,"id_str":"162725701","name":"Sergey Tihon","screen_name":"sergey_tihon","location":"Minsk","description":"F#, FP, Data Analysis, Machine Learning, R, Enterprise Search, FAST for SharePoint, Solr, SharePoint.","url":"http:\/\/sergeytihon.wordpress.com\/","entities":{"url":{"urls":[{"url":"http:\/\/sergeytihon.wordpress.com\/","expanded_url":null,"indices":[0,33]}]},"description":{"urls":[]}},"protected":false,"followers_count":236,"friends_count":90,"listed_count":6,"created_at":"Sun Jul 04 14:15:04 +0000 2010","favourites_count":152,"utc_offset":10800,"time_zone":"Minsk","geo_enabled":true,"verified":false,"statuses_count":1895,"lang":"en","contributors_enabled":false,"is_translator":false,"profile_background_color":"FFFFFF","profile_background_image_url":"http:\/\/a0.twimg.com\/profile_background_images\/799139137\/a98fdf0a0d5b96cdfcf6fea8c79266cf.png","profile_background_image_url_https":"https:\/\/si0.twimg.com\/profile_background_images\/799139137\/a98fdf0a0d5b96cdfcf6fea8c79266cf.png","profile_background_tile":false,"profile_image_url":"http:\/\/a0.twimg.com\/profile_images\/1414419053\/1_normal.jpg","profile_image_url_https":"https:\/\/si0.twimg.com\/profile_images\/1414419053\/1_normal.jpg","profile_banner_url":"https:\/\/si0.twimg.com\/profile_banners\/162725701\/1357857116","profile_link_color":"0664A3","profile_sidebar_border_color":"FFFFFF","profile_sidebar_fill_color":"1C1C1C","profile_text_color":"5C91B9","profile_use_background_image":true,"default_profile":false,"default_profile_image":false,"following":null,"follow_request_sent":null,"notifications":null},"geo":null,"coordinates":null,"place":null,"contributors":null,"retweet_count":6,"favorite_count":0,"entities":{"hashtags":[{"text":"fsharp","indices":[58,65]}],"urls":[{"url":"http:\/\/t.co\/klOtdtlJAV","expanded_url":"http:\/\/bit.ly\/114ZvCg","display_url":"bit.ly\/114ZvCg","indices":[32,54]}],"user_mentions":[]},"favorited":false,"retweeted":false,"possibly_sensitive":false,"lang":"en"},"retweet_count":6,"favorite_count":0,"entities":{"hashtags":[{"text":"fsharp","indices":[76,83]}],"urls":[{"url":"http:\/\/t.co\/klOtdtlJAV","expanded_url":"http:\/\/bit.ly\/114ZvCg","display_url":"bit.ly\/114ZvCg","indices":[50,72]}],"user_mentions":[{"screen_name":"sergey_tihon","name":"Sergey Tihon","id":162725701,"id_str":"162725701","indices":[3,16]}]},"favorited":false,"retweeted":false,"possibly_sensitive":false,"lang":"en"},{"metadata":{"result_type":"recent","iso_language_code":"en"},"created_at":"Sun Apr 14 22:49:58 +0000 2013","id":323568842305581057,"id_str":"323568842305581057","text":"Ten reasons not to use a statically typed functional programming language | F# for fun and profit http:\/\/t.co\/rlONr7ht3Y #fsharp","source":"\u003ca href=\"http:\/\/twitter.com\/tweetbutton\" rel=\"nofollow\"\u003eTweet Button\u003c\/a\u003e","truncated":false,"in_reply_to_status_id":null,"in_reply_to_status_id_str":null,"in_reply_to_user_id":null,"in_reply_to_user_id_str":null,"in_reply_to_screen_name":null,"user":{"id":54032907,"id_str":"54032907","name":"Sean Holm","screen_name":"seanholm","location":"Melbourne, Australia","description":"Geek. Programmer. Code Monkey - C++, [C#|F#|VB]http:\/\/t.co\/ZaEpoR62. I also love Ruby, Python, LUA, HTML5, CSS3, NodeJS, JavaScript\/jQuery & the Web in general.","url":"http:\/\/arpharazon.github.com","entities":{"url":{"urls":[{"url":"http:\/\/arpharazon.github.com","expanded_url":null,"indices":[0,28]}]},"description":{"urls":[{"url":"http:\/\/t.co\/ZaEpoR62","expanded_url":"http:\/\/ASP.Net","display_url":"ASP.Net","indices":[47,67]}]}},"protected":false,"followers_count":69,"friends_count":546,"listed_count":2,"created_at":"Sun Jul 05 22:55:53 +0000 2009","favourites_count":43,"utc_offset":36000,"time_zone":"Melbourne","geo_enabled":true,"verified":false,"statuses_count":597,"lang":"en","contributors_enabled":false,"is_translator":false,"profile_background_color":"131516","profile_background_image_url":"http:\/\/a0.twimg.com\/images\/themes\/theme14\/bg.gif","profile_background_image_url_https":"https:\/\/si0.twimg.com\/images\/themes\/theme14\/bg.gif","profile_background_tile":true,"profile_image_url":"http:\/\/a0.twimg.com\/profile_images\/1718751331\/sheep_normal.jpg","profile_image_url_https":"https:\/\/si0.twimg.com\/profile_images\/1718751331\/sheep_normal.jpg","profile_link_color":"009999","profile_sidebar_border_color":"EEEEEE","profile_sidebar_fill_color":"EFEFEF","profile_text_color":"333333","profile_use_background_image":true,"default_profile":false,"default_profile_image":false,"following":null,"follow_request_sent":null,"notifications":null},"geo":null,"coordinates":null,"place":null,"contributors":null,"retweet_count":0,"favorite_count":0,"entities":{"hashtags":[{"text":"fsharp","indices":[121,128]}],"urls":[{"url":"http:\/\/t.co\/rlONr7ht3Y","expanded_url":"http:\/\/fsharpforfunandprofit.com\/posts\/ten-reasons-not-to-use-a-functional-programming-language\/","display_url":"fsharpforfunandprofit.com\/posts\/ten-reas\u2026","indices":[98,120]}],"user_mentions":[]},"favorited":false,"retweeted":false,"possibly_sensitive":false,"lang":"en"},{"metadata":{"result_type":"recent","iso_language_code":"en"},"created_at":"Sun Apr 14 22:21:09 +0000 2013","id":323561591666798592,"id_str":"323561591666798592","text":"RT @sergey_tihon: F# Weekly #15, 2013 (15\/4\/2013) http:\/\/t.co\/klOtdtlJAV    #fsharp","source":"\u003ca href=\"http:\/\/twitter.com\/download\/android\" rel=\"nofollow\"\u003eTwitter for Android\u003c\/a\u003e","truncated":false,"in_reply_to_status_id":null,"in_reply_to_status_id_str":null,"in_reply_to_user_id":null,"in_reply_to_user_id_str":null,"in_reply_to_screen_name":null,"user":{"id":7620782,"id_str":"7620782","name":"Scott Banwart","screen_name":"sbanwart","location":"Akron, OH","description":"Integration specialist. Linux aficiando. Web tinkerer. BizTalk and .NET developer. Chief Propeller Head at StoneDonut, LLC.","url":"http:\/\/rogue-technology.com\/blog\/","entities":{"url":{"urls":[{"url":"http:\/\/rogue-technology.com\/blog\/","expanded_url":null,"indices":[0,33]}]},"description":{"urls":[]}},"protected":false,"followers_count":189,"friends_count":243,"listed_count":15,"created_at":"Fri Jul 20 23:48:54 +0000 2007","favourites_count":18,"utc_offset":-18000,"time_zone":"Eastern Time (US & Canada)","geo_enabled":false,"verified":false,"statuses_count":9054,"lang":"en","contributors_enabled":false,"is_translator":false,"profile_background_color":"FFFFFF","profile_background_image_url":"http:\/\/a0.twimg.com\/profile_background_images\/591264546\/3awjuvunjdq2xysidxyh.jpeg","profile_background_image_url_https":"https:\/\/si0.twimg.com\/profile_background_images\/591264546\/3awjuvunjdq2xysidxyh.jpeg","profile_background_tile":false,"profile_image_url":"http:\/\/a0.twimg.com\/profile_images\/1744808464\/img_3212-2_normal.jpg","profile_image_url_https":"https:\/\/si0.twimg.com\/profile_images\/1744808464\/img_3212-2_normal.jpg","profile_link_color":"0000FF","profile_sidebar_border_color":"805DEE","profile_sidebar_fill_color":"FFFFFF","profile_text_color":"000000","profile_use_background_image":true,"default_profile":false,"default_profile_image":false,"following":null,"follow_request_sent":null,"notifications":null},"geo":null,"coordinates":null,"place":null,"contributors":null,"retweeted_status":{"metadata":{"result_type":"recent","iso_language_code":"en"},"created_at":"Sun Apr 14 21:04:08 +0000 2013","id":323542207825076225,"id_str":"323542207825076225","text":"F# Weekly #15, 2013 (15\/4\/2013) http:\/\/t.co\/klOtdtlJAV    #fsharp","source":"web","truncated":false,"in_reply_to_status_id":null,"in_reply_to_status_id_str":null,"in_reply_to_user_id":null,"in_reply_to_user_id_str":null,"in_reply_to_screen_name":null,"user":{"id":162725701,"id_str":"162725701","name":"Sergey Tihon","screen_name":"sergey_tihon","location":"Minsk","description":"F#, FP, Data Analysis, Machine Learning, R, Enterprise Search, FAST for SharePoint, Solr, SharePoint.","url":"http:\/\/sergeytihon.wordpress.com\/","entities":{"url":{"urls":[{"url":"http:\/\/sergeytihon.wordpress.com\/","expanded_url":null,"indices":[0,33]}]},"description":{"urls":[]}},"protected":false,"followers_count":236,"friends_count":90,"listed_count":6,"created_at":"Sun Jul 04 14:15:04 +0000 2010","favourites_count":152,"utc_offset":10800,"time_zone":"Minsk","geo_enabled":true,"verified":false,"statuses_count":1895,"lang":"en","contributors_enabled":false,"is_translator":false,"profile_background_color":"FFFFFF","profile_background_image_url":"http:\/\/a0.twimg.com\/profile_background_images\/799139137\/a98fdf0a0d5b96cdfcf6fea8c79266cf.png","profile_background_image_url_https":"https:\/\/si0.twimg.com\/profile_background_images\/799139137\/a98fdf0a0d5b96cdfcf6fea8c79266cf.png","profile_background_tile":false,"profile_image_url":"http:\/\/a0.twimg.com\/profile_images\/1414419053\/1_normal.jpg","profile_image_url_https":"https:\/\/si0.twimg.com\/profile_images\/1414419053\/1_normal.jpg","profile_banner_url":"https:\/\/si0.twimg.com\/profile_banners\/162725701\/1357857116","profile_link_color":"0664A3","profile_sidebar_border_color":"FFFFFF","profile_sidebar_fill_color":"1C1C1C","profile_text_color":"5C91B9","profile_use_background_image":true,"default_profile":false,"default_profile_image":false,"following":null,"follow_request_sent":null,"notifications":null},"geo":null,"coordinates":null,"place":null,"contributors":null,"retweet_count":6,"favorite_count":0,"entities":{"hashtags":[{"text":"fsharp","indices":[58,65]}],"urls":[{"url":"http:\/\/t.co\/klOtdtlJAV","expanded_url":"http:\/\/bit.ly\/114ZvCg","display_url":"bit.ly\/114ZvCg","indices":[32,54]}],"user_mentions":[]},"favorited":false,"retweeted":false,"possibly_sensitive":false,"lang":"en"},"retweet_count":6,"favorite_count":0,"entities":{"hashtags":[{"text":"fsharp","indices":[76,83]}],"urls":[{"url":"http:\/\/t.co\/klOtdtlJAV","expanded_url":"http:\/\/bit.ly\/114ZvCg","display_url":"bit.ly\/114ZvCg","indices":[50,72]}],"user_mentions":[{"screen_name":"sergey_tihon","name":"Sergey Tihon","id":162725701,"id_str":"162725701","indices":[3,16]}]},"favorited":false,"retweeted":false,"possibly_sensitive":false,"lang":"en"},{"metadata":{"result_type":"recent","iso_language_code":"en"},"created_at":"Sun Apr 14 22:14:03 +0000 2013","id":323559806503886848,"id_str":"323559806503886848","text":"Need some help with a FAKE-based local runner for http:\/\/t.co\/nCPwDzdoe2 web site: https:\/\/t.co\/lGFj56kkuo #fsharp \/cc @sforkmann @ovatsus","source":"web","truncated":false,"in_reply_to_status_id":null,"in_reply_to_status_id_str":null,"in_reply_to_user_id":null,"in_reply_to_user_id_str":null,"in_reply_to_screen_name":null,"user":{"id":18388966,"id_str":"18388966","name":"Tomas Petricek","screen_name":"tomaspetricek","location":"Cambridge, UK","description":"Long time F# enthusiast, author of Real-world Functional Programming and computer science PhD student.","url":"http:\/\/tomasp.net\/blog","entities":{"url":{"urls":[{"url":"http:\/\/tomasp.net\/blog","expanded_url":null,"indices":[0,22]}]},"description":{"urls":[]}},"protected":false,"followers_count":1452,"friends_count":176,"listed_count":81,"created_at":"Fri Dec 26 13:39:49 +0000 2008","favourites_count":72,"utc_offset":0,"time_zone":"London","geo_enabled":true,"verified":false,"statuses_count":1762,"lang":"en","contributors_enabled":false,"is_translator":false,"profile_background_color":"EDECE9","profile_background_image_url":"http:\/\/a0.twimg.com\/images\/themes\/theme3\/bg.gif","profile_background_image_url_https":"https:\/\/si0.twimg.com\/images\/themes\/theme3\/bg.gif","profile_background_tile":false,"profile_image_url":"http:\/\/a0.twimg.com\/profile_images\/1178901058\/hlava_normal.jpg","profile_image_url_https":"https:\/\/si0.twimg.com\/profile_images\/1178901058\/hlava_normal.jpg","profile_link_color":"088253","profile_sidebar_border_color":"D3D2CF","profile_sidebar_fill_color":"E3E2DE","profile_text_color":"634047","profile_use_background_image":true,"default_profile":false,"default_profile_image":false,"following":null,"follow_request_sent":null,"notifications":null},"geo":null,"coordinates":null,"place":null,"contributors":null,"retweet_count":0,"favorite_count":0,"entities":{"hashtags":[{"text":"fsharp","indices":[107,114]}],"urls":[{"url":"http:\/\/t.co\/nCPwDzdoe2","expanded_url":"http:\/\/fsharp.org","display_url":"fsharp.org","indices":[50,72]},{"url":"https:\/\/t.co\/lGFj56kkuo","expanded_url":"https:\/\/groups.google.com\/forum\/?fromgroups#!topic\/fsharp-opensource\/BONb1mxuKRw","display_url":"groups.google.com\/forum\/?fromgro\u2026","indices":[83,106]}],"user_mentions":[{"screen_name":"sforkmann","name":"Steffen Forkmann","id":22477880,"id_str":"22477880","indices":[119,129]},{"screen_name":"ovatsus","name":"Gustavo Guerra","id":40453522,"id_str":"40453522","indices":[130,138]}]},"favorited":false,"retweeted":false,"possibly_sensitive":false,"lang":"en"},{"metadata":{"result_type":"recent","iso_language_code":"en"},"created_at":"Sun Apr 14 22:10:10 +0000 2013","id":323558826865463296,"id_str":"323558826865463296","text":"RT @cdrnet: MathNET Numerics v2.5 released, should resolve quite a few issues, better perf and #fsharp support: https:\/\/t.co\/VQYZnH3xNC","source":"\u003ca href=\"https:\/\/mobile.twitter.com\" rel=\"nofollow\"\u003eMobile Web (M2)\u003c\/a\u003e","truncated":false,"in_reply_to_status_id":null,"in_reply_to_status_id_str":null,"in_reply_to_user_id":null,"in_reply_to_user_id_str":null,"in_reply_to_screen_name":null,"user":{"id":25663453,"id_str":"25663453","name":"Don Syme","screen_name":"dsyme","location":"","description":"","url":"http:\/\/blogs.msdn.com\/b\/dsyme","entities":{"url":{"urls":[{"url":"http:\/\/blogs.msdn.com\/b\/dsyme","expanded_url":null,"indices":[0,29]}]},"description":{"urls":[]}},"protected":false,"followers_count":2144,"friends_count":113,"listed_count":119,"created_at":"Sat Mar 21 11:17:51 +0000 2009","favourites_count":55,"utc_offset":null,"time_zone":null,"geo_enabled":false,"verified":false,"statuses_count":3258,"lang":"en","contributors_enabled":false,"is_translator":false,"profile_background_color":"C0DEED","profile_background_image_url":"http:\/\/a0.twimg.com\/images\/themes\/theme1\/bg.png","profile_background_image_url_https":"https:\/\/si0.twimg.com\/images\/themes\/theme1\/bg.png","profile_background_tile":false,"profile_image_url":"http:\/\/a0.twimg.com\/profile_images\/2534151212\/nzrzcybpx76l76hs1rvf_normal.jpeg","profile_image_url_https":"https:\/\/si0.twimg.com\/profile_images\/2534151212\/nzrzcybpx76l76hs1rvf_normal.jpeg","profile_link_color":"0084B4","profile_sidebar_border_color":"C0DEED","profile_sidebar_fill_color":"DDEEF6","profile_text_color":"333333","profile_use_background_image":true,"default_profile":true,"default_profile_image":false,"following":null,"follow_request_sent":null,"notifications":null},"geo":null,"coordinates":null,"place":null,"contributors":null,"retweeted_status":{"metadata":{"result_type":"recent","iso_language_code":"en"},"created_at":"Sun Apr 14 18:43:42 +0000 2013","id":323506868532174850,"id_str":"323506868532174850","text":"MathNET Numerics v2.5 released, should resolve quite a few issues, better perf and #fsharp support: https:\/\/t.co\/VQYZnH3xNC","source":"\u003ca href=\"http:\/\/www.twitter.com\" rel=\"nofollow\"\u003eTwitter for Windows\u003c\/a\u003e","truncated":false,"in_reply_to_status_id":null,"in_reply_to_status_id_str":null,"in_reply_to_user_id":null,"in_reply_to_user_id_str":null,"in_reply_to_screen_name":null,"user":{"id":24947396,"id_str":"24947396","name":"Christoph R\u00fcegg","screen_name":"cdrnet","location":"Switzerland","description":"Maintainer of the Math .NET project. Developer at Lokad SAS. Enjoying distributed algorithms and numbercrunching in the cloud. F#\/C#.","url":"http:\/\/christoph.ruegg.name","entities":{"url":{"urls":[{"url":"http:\/\/christoph.ruegg.name","expanded_url":null,"indices":[0,27]}]},"description":{"urls":[]}},"protected":false,"followers_count":117,"friends_count":138,"listed_count":7,"created_at":"Tue Mar 17 20:26:01 +0000 2009","favourites_count":47,"utc_offset":3600,"time_zone":"Bern","geo_enabled":false,"verified":false,"statuses_count":187,"lang":"en","contributors_enabled":false,"is_translator":false,"profile_background_color":"352726","profile_background_image_url":"http:\/\/a0.twimg.com\/images\/themes\/theme5\/bg.gif","profile_background_image_url_https":"https:\/\/si0.twimg.com\/images\/themes\/theme5\/bg.gif","profile_background_tile":false,"profile_image_url":"http:\/\/a0.twimg.com\/profile_images\/3081362048\/dccb0c170105dd9599b19e305271020c_normal.jpeg","profile_image_url_https":"https:\/\/si0.twimg.com\/profile_images\/3081362048\/dccb0c170105dd9599b19e305271020c_normal.jpeg","profile_link_color":"D02B55","profile_sidebar_border_color":"829D5E","profile_sidebar_fill_color":"99CC33","profile_text_color":"3E4415","profile_use_background_image":true,"default_profile":false,"default_profile_image":false,"following":null,"follow_request_sent":null,"notifications":null},"geo":null,"coordinates":null,"place":null,"contributors":null,"retweet_count":7,"favorite_count":0,"entities":{"hashtags":[{"text":"fsharp","indices":[83,90]}],"urls":[{"url":"https:\/\/t.co\/VQYZnH3xNC","expanded_url":"https:\/\/mathnetnumerics.codeplex.com\/releases\/view\/105071","display_url":"mathnetnumerics.codeplex.com\/releases\/view\/\u2026","indices":[100,123]}],"user_mentions":[]},"favorited":false,"retweeted":false,"possibly_sensitive":false,"lang":"en"},"retweet_count":7,"favorite_count":0,"entities":{"hashtags":[{"text":"fsharp","indices":[95,102]}],"urls":[{"url":"https:\/\/t.co\/VQYZnH3xNC","expanded_url":"https:\/\/mathnetnumerics.codeplex.com\/releases\/view\/105071","display_url":"mathnetnumerics.codeplex.com\/releases\/view\/\u2026","indices":[112,135]}],"user_mentions":[{"screen_name":"cdrnet","name":"Christoph R\u00fcegg","id":24947396,"id_str":"24947396","indices":[3,10]}]},"favorited":false,"retweeted":false,"possibly_sensitive":false,"lang":"en"},{"metadata":{"result_type":"recent","iso_language_code":"en"},"created_at":"Sun Apr 14 22:05:18 +0000 2013","id":323557603407970305,"id_str":"323557603407970305","text":"RT @sergey_tihon: F# Weekly #15, 2013 (15\/4\/2013) http:\/\/t.co\/klOtdtlJAV    #fsharp","source":"\u003ca href=\"https:\/\/mobile.twitter.com\" rel=\"nofollow\"\u003eMobile Web (M2)\u003c\/a\u003e","truncated":false,"in_reply_to_status_id":null,"in_reply_to_status_id_str":null,"in_reply_to_user_id":null,"in_reply_to_user_id_str":null,"in_reply_to_screen_name":null,"user":{"id":25663453,"id_str":"25663453","name":"Don Syme","screen_name":"dsyme","location":"","description":"","url":"http:\/\/blogs.msdn.com\/b\/dsyme","entities":{"url":{"urls":[{"url":"http:\/\/blogs.msdn.com\/b\/dsyme","expanded_url":null,"indices":[0,29]}]},"description":{"urls":[]}},"protected":false,"followers_count":2144,"friends_count":113,"listed_count":119,"created_at":"Sat Mar 21 11:17:51 +0000 2009","favourites_count":55,"utc_offset":null,"time_zone":null,"geo_enabled":false,"verified":false,"statuses_count":3258,"lang":"en","contributors_enabled":false,"is_translator":false,"profile_background_color":"C0DEED","profile_background_image_url":"http:\/\/a0.twimg.com\/images\/themes\/theme1\/bg.png","profile_background_image_url_https":"https:\/\/si0.twimg.com\/images\/themes\/theme1\/bg.png","profile_background_tile":false,"profile_image_url":"http:\/\/a0.twimg.com\/profile_images\/2534151212\/nzrzcybpx76l76hs1rvf_normal.jpeg","profile_image_url_https":"https:\/\/si0.twimg.com\/profile_images\/2534151212\/nzrzcybpx76l76hs1rvf_normal.jpeg","profile_link_color":"0084B4","profile_sidebar_border_color":"C0DEED","profile_sidebar_fill_color":"DDEEF6","profile_text_color":"333333","profile_use_background_image":true,"default_profile":true,"default_profile_image":false,"following":null,"follow_request_sent":null,"notifications":null},"geo":null,"coordinates":null,"place":null,"contributors":null,"retweeted_status":{"metadata":{"result_type":"recent","iso_language_code":"en"},"created_at":"Sun Apr 14 21:04:08 +0000 2013","id":323542207825076225,"id_str":"323542207825076225","text":"F# Weekly #15, 2013 (15\/4\/2013) http:\/\/t.co\/klOtdtlJAV    #fsharp","source":"web","truncated":false,"in_reply_to_status_id":null,"in_reply_to_status_id_str":null,"in_reply_to_user_id":null,"in_reply_to_user_id_str":null,"in_reply_to_screen_name":null,"user":{"id":162725701,"id_str":"162725701","name":"Sergey Tihon","screen_name":"sergey_tihon","location":"Minsk","description":"F#, FP, Data Analysis, Machine Learning, R, Enterprise Search, FAST for SharePoint, Solr, SharePoint.","url":"http:\/\/sergeytihon.wordpress.com\/","entities":{"url":{"urls":[{"url":"http:\/\/sergeytihon.wordpress.com\/","expanded_url":null,"indices":[0,33]}]},"description":{"urls":[]}},"protected":false,"followers_count":236,"friends_count":90,"listed_count":6,"created_at":"Sun Jul 04 14:15:04 +0000 2010","favourites_count":152,"utc_offset":10800,"time_zone":"Minsk","geo_enabled":true,"verified":false,"statuses_count":1895,"lang":"en","contributors_enabled":false,"is_translator":false,"profile_background_color":"FFFFFF","profile_background_image_url":"http:\/\/a0.twimg.com\/profile_background_images\/799139137\/a98fdf0a0d5b96cdfcf6fea8c79266cf.png","profile_background_image_url_https":"https:\/\/si0.twimg.com\/profile_background_images\/799139137\/a98fdf0a0d5b96cdfcf6fea8c79266cf.png","profile_background_tile":false,"profile_image_url":"http:\/\/a0.twimg.com\/profile_images\/1414419053\/1_normal.jpg","profile_image_url_https":"https:\/\/si0.twimg.com\/profile_images\/1414419053\/1_normal.jpg","profile_banner_url":"https:\/\/si0.twimg.com\/profile_banners\/162725701\/1357857116","profile_link_color":"0664A3","profile_sidebar_border_color":"FFFFFF","profile_sidebar_fill_color":"1C1C1C","profile_text_color":"5C91B9","profile_use_background_image":true,"default_profile":false,"default_profile_image":false,"following":null,"follow_request_sent":null,"notifications":null},"geo":null,"coordinates":null,"place":null,"contributors":null,"retweet_count":6,"favorite_count":0,"entities":{"hashtags":[{"text":"fsharp","indices":[58,65]}],"urls":[{"url":"http:\/\/t.co\/klOtdtlJAV","expanded_url":"http:\/\/bit.ly\/114ZvCg","display_url":"bit.ly\/114ZvCg","indices":[32,54]}],"user_mentions":[]},"favorited":false,"retweeted":false,"possibly_sensitive":false,"lang":"en"},"retweet_count":6,"favorite_count":0,"entities":{"hashtags":[{"text":"fsharp","indices":[76,83]}],"urls":[{"url":"http:\/\/t.co\/klOtdtlJAV","expanded_url":"http:\/\/bit.ly\/114ZvCg","display_url":"bit.ly\/114ZvCg","indices":[50,72]}],"user_mentions":[{"screen_name":"sergey_tihon","name":"Sergey Tihon","id":162725701,"id_str":"162725701","indices":[3,16]}]},"favorited":false,"retweeted":false,"possibly_sensitive":false,"lang":"en"}],"search_metadata":{"completed_in":0.022,"max_id":323608842288119808,"max_id_str":"323608842288119808","next_results":"?max_id=323557603407970304&q=fsharp&include_entities=1","query":"fsharp","refresh_url":"?since_id=323608842288119808&q=fsharp&include_entities=1","count":15,"since_id":0,"since_id_str":"0"}}