[{"id":880772426,"profile_text_color":"333333","contributors_enabled":false,"time_zone":null,"default_profile":true,"followers_count":544,"id_str":"880772426","profile_sidebar_border_color":"C0DEED","screen_name":"fsharporg","profile_background_image_url_https":"https:\/\/twimg0-a.akamaihd.net\/images\/themes\/theme1\/bg.png","utc_offset":null,"url":"http:\/\/fsharp.org","verified":false,"entities":{"url":{"urls":[{"url":"http:\/\/fsharp.org","display_url":null,"indices":[0,17],"expanded_url":null}]},"description":{"urls":[]}},"name":"The F# Foundation","location":"Everywhere","profile_background_tile":false,"listed_count":7,"notifications":false,"geo_enabled":false,"profile_sidebar_fill_color":"DDEEF6","protected":false,"lang":"en","profile_background_color":"C0DEED","is_translator":false,"profile_image_url":"http:\/\/a0.twimg.com\/profile_images\/3447992486\/ec104d6c2c64430d270b2c31ca97d29b_normal.png","default_profile_image":false,"favourites_count":2,"profile_background_image_url":"http:\/\/a0.twimg.com\/images\/themes\/theme1\/bg.png","statuses_count":26,"profile_link_color":"0084B4","following":true,"created_at":"Sun Oct 14 19:01:43 +0000 2012","status":{"place":null,"retweet_count":4,"created_at":"Sat Apr 13 18:27:42 +0000 2013","in_reply_to_user_id_str":null,"geo":null,"contributors":null,"retweeted":false,"id_str":"323140454491254784","coordinates":null,"truncated":false,"in_reply_to_status_id":null,"in_reply_to_screen_name":null,"possibly_sensitive":false,"favorited":false,"text":"\"The F# solution offers us an order of magnitude increase in productivity\" http:\/\/t.co\/ChLCdD0yAo","source":"web","id":323140454491254784,"in_reply_to_status_id_str":null,"entities":{"hashtags":[],"user_mentions":[],"urls":[{"url":"http:\/\/t.co\/ChLCdD0yAo","display_url":"fsharp.org\/testimonials\/#\u2026","indices":[75,97],"expanded_url":"http:\/\/fsharp.org\/testimonials\/#yan-cui"}]},"in_reply_to_user_id":null},"follow_request_sent":false,"description":"The official twitter account of the F# Software Foundation","profile_use_background_image":true,"profile_image_url_https":"https:\/\/twimg0-a.akamaihd.net\/profile_images\/3447992486\/ec104d6c2c64430d270b2c31ca97d29b_normal.png","friends_count":5},{"id":464211199,"profile_sidebar_fill_color":"DDEEF6","geo_enabled":false,"listed_count":14,"screen_name":"ideatransform","profile_image_url_https":"https:\/\/si0.twimg.com\/profile_images\/1801095916\/idea_transform-logo-squared-twitter_normal.png","profile_background_color":"C0DEED","utc_offset":0,"url":"http:\/\/www.ideatransform.org","verified":false,"entities":{"url":{"urls":[{"url":"http:\/\/www.ideatransform.org","display_url":null,"indices":[0,28],"expanded_url":null}]},"description":{"urls":[]}},"name":"Idea Transform","profile_image_url":"http:\/\/a0.twimg.com\/profile_images\/1801095916\/idea_transform-logo-squared-twitter_normal.png","is_translator":false,"location":"Cambridge, UK","notifications":false,"profile_background_image_url":"http:\/\/a0.twimg.com\/images\/themes\/theme1\/bg.png","protected":false,"profile_link_color":"0084B4","default_profile_image":false,"lang":"en","follow_request_sent":false,"favourites_count":2,"statuses_count":607,"profile_use_background_image":true,"contributors_enabled":false,"profile_text_color":"333333","time_zone":"London","followers_count":401,"friends_count":788,"id_str":"464211199","profile_sidebar_border_color":"C0DEED","following":true,"created_at":"Sun Jan 15 00:07:20 +0000 2012","status":{"place":null,"retweet_count":1,"created_at":"Sat Apr 06 18:10:58 +0000 2013","geo":null,"retweeted":false,"in_reply_to_status_id_str":null,"coordinates":null,"in_reply_to_status_id":null,"in_reply_to_user_id_str":null,"in_reply_to_screen_name":null,"contributors":null,"favorited":false,"text":"RT @millroadmaven: Darts, Drinks, Discourse for #IdeaTransform alums, P&amp;Ms &amp; friends Sunday 8pm Earl of Beaconsfield, Mill Road Blues at 9pm","id_str":"320599528480862208","truncated":false,"source":"\u003Ca href=\"http:\/\/bufferapp.com\" rel=\"nofollow\"\u003EBuffer\u003C\/a\u003E","id":320599528480862208,"entities":{"hashtags":[{"indices":[48,62],"text":"IdeaTransform"}],"user_mentions":[{"name":"Pamela Wesson","screen_name":"millroadmaven","indices":[3,17],"id_str":"609042555","id":609042555}],"urls":[]},"in_reply_to_user_id":null},"default_profile":true,"description":"Idea Transform inspires and supports new ideas, teams and projects at intense weekend events. Brought to you by pro-profit non-profit Future Business. Join us!","profile_background_tile":false,"profile_background_image_url_https":"https:\/\/si0.twimg.com\/images\/themes\/theme1\/bg.png"}]