<?xml version="1.0" encoding="utf-8"?>
<doc>
<assembly><name>FSharp.Data.Experimental.DesignTime</name></assembly>
<members>
<member name="T:AssemblyInfo">

</member>
<member name="">

</member>
<member name="">

</member>
<member name="">

</member>
<member name="">

</member>
<member name="">

</member>
<member name="">

</member>
<member name="">

</member>
<member name="">

</member>
<member name="">

</member>
<member name="">

</member>
<member name="">

</member>
<member name="">

</member>
<member name="">

</member>
<member name="">

</member>
<member name="">

</member>
<member name="">

</member>
<member name="M:FSharp.Data.Json.JsonValue.Parse(System.String,Microsoft.FSharp.Core.FSharpOption{System.Globalization.CultureInfo})">
<summary>
 Parse the specified JSON string
</summary>
</member>
<member name="M:FSharp.Data.Json.JsonValue.Load(System.IO.Stream,Microsoft.FSharp.Core.FSharpOption{System.Globalization.CultureInfo})">
<summary>
 Loads JSON from the specified stream
</summary>
</member>
<member name="T:FSharp.Data.Json.JsonValue">
<summary>
 Represents a JSON value. Large numbers that do not fit in the 
 Decimal type are represented using the Float case, while
 smaller numbers are represented as decimals to avoid precision loss.
</summary>
</member>
<member name="M:FSharp.Data.Json.Extensions.op_Dynamic(FSharp.Data.Json.JsonValue,System.String)">
<summary>
 Get property of a JSON object (assuming that the value is an object)
</summary>
</member>
<member name="M:FSharp.Data.Json.Extensions.JsonValue.GetProperty(FSharp.Data.Json.JsonValue,System.String)">
<summary>
 Get property of a JSON object. Fails if the value is not an object
 or if the property is not present
</summary>
</member>
<member name="M:FSharp.Data.Json.Extensions.JsonValue.TryGetProperty(FSharp.Data.Json.JsonValue,System.String)">
<summary>
 Try get property of a JSON object. Returns None if the value is not
 an object or if the property is not present.
</summary>
</member>
<member name="M:FSharp.Data.Json.Extensions.JsonValue.get_Properties(FSharp.Data.Json.JsonValue)">
<summary>
 Get a sequence of key-value pairs representing the properties of an object
 (assuming that the value is an object)
</summary>
</member>
<member name="M:FSharp.Data.Json.Extensions.JsonValue.get_InnerText(FSharp.Data.Json.JsonValue)">
<summary>
 Get inner text of an element - this includes just string nodes and
 string nodes in an array (e.g. multi-line string represented as array)
 (assuming that the value is a string or array of strings)
</summary>
</member>
<member name="M:FSharp.Data.Json.Extensions.JsonValue.AsBoolean(FSharp.Data.Json.JsonValue,Microsoft.FSharp.Core.FSharpOption{System.Globalization.CultureInfo})">
<summary>
 Get the boolean value of an element (assuming that the value is a boolean)
</summary>
</member>
<member name="M:FSharp.Data.Json.Extensions.JsonValue.AsInteger64(FSharp.Data.Json.JsonValue,Microsoft.FSharp.Core.FSharpOption{System.Globalization.CultureInfo})">
<summary>
 Get a number as a 64-bit integer (assuming that the value fits in 64-bit integer)
</summary>
</member>
<member name="M:FSharp.Data.Json.Extensions.JsonValue.AsInteger(FSharp.Data.Json.JsonValue,Microsoft.FSharp.Core.FSharpOption{System.Globalization.CultureInfo})">
<summary>
 Get a number as an integer (assuming that the value fits in integer)
</summary>
</member>
<member name="M:FSharp.Data.Json.Extensions.JsonValue.AsDecimal(FSharp.Data.Json.JsonValue,Microsoft.FSharp.Core.FSharpOption{System.Globalization.CultureInfo})">
<summary>
 Get a number as a decimal (assuming that the value fits in decimal)
</summary>
</member>
<member name="M:FSharp.Data.Json.Extensions.JsonValue.AsFloat(FSharp.Data.Json.JsonValue,Microsoft.FSharp.Core.FSharpOption{System.Globalization.CultureInfo})">
<summary>
 Get a number as a float (assuming that the value is convertible to a float)
</summary>
</member>
<member name="M:FSharp.Data.Json.Extensions.JsonValue.AsDateTime(FSharp.Data.Json.JsonValue,Microsoft.FSharp.Core.FSharpOption{System.Globalization.CultureInfo})">
<summary>
 Get the datetime value of an element (assuming that the value is a string
 containing well-formed ISO date or MSFT JSON date)
</summary>
</member>
<member name="M:FSharp.Data.Json.Extensions.JsonValue.AsString(FSharp.Data.Json.JsonValue,Microsoft.FSharp.Core.FSharpOption{System.Globalization.CultureInfo})">
<summary>
 Get the string value of an element (assuming that the value is a scalar)
</summary>
</member>
<member name="M:FSharp.Data.Json.Extensions.JsonValue.GetEnumerator(FSharp.Data.Json.JsonValue)">
<summary>
 Get all elements of a JSON object (assuming that the value is an array)
</summary>
</member>
<member name="M:FSharp.Data.Json.Extensions.JsonValue.get_Item(FSharp.Data.Json.JsonValue,System.String)">
<summary>
 Assuming the value is an object, get value with the specified name
</summary>
</member>
<member name="M:FSharp.Data.Json.Extensions.JsonValue.get_Item(FSharp.Data.Json.JsonValue,System.Int32)">
<summary>
 Assuming the value is an array, get the value at a specified index
</summary>
</member>
<member name="M:FSharp.Data.Json.Extensions.JsonValue.AsArray(FSharp.Data.Json.JsonValue)">
<summary>
 Get all elements of a JSON object (assuming that the value is an array)
</summary>
</member>
<member name="T:FSharp.Data.Json.Extensions">
<summary>
 Adds extension methods that can be used to get work with the JSON value
 in a less safe, but shorter way. The module also provides dynamic operator
</summary>
</member>
<member name="">

</member>
<member name="P:FSharp.Data.RuntimeImplementation.JsonDocument.JsonValue">
<summary>
 Returns the raw JSON value that is represented by the generated type
</summary>
</member>
<member name="">

</member>
<member name="">

</member>
<member name="">

</member>
<member name="">

</member>
<member name="T:FSharp.Data.RuntimeImplementation.JsonDocument">
<summary>
 Underlying representation of the generated JSON types
</summary>
</member>
<member name="M:FSharp.Data.RuntimeImplementation.JsonOperations.TryGetValueByTypeTag``2(FSharp.Data.Json.JsonValue,System.String,System.Func{FSharp.Data.Json.JsonValue,``0},System.Func{``0,``1})">
<summary>
 Returns a single or no value by tag type
</summary>
</member>
<member name="M:FSharp.Data.RuntimeImplementation.JsonOperations.TryGetArrayChildByTypeTag``2(FSharp.Data.Json.JsonValue,System.String,System.Func{FSharp.Data.Json.JsonValue,``0},System.Func{``0,``1})">
<summary>
 Returns single or no value from an array matching the specified tag
</summary>
</member>
<member name="">

</member>
<member name="">

</member>
<member name="">

</member>
<member name="">

</member>
<member name="">

</member>
<member name="">

</member>
<member name="">

</member>
<member name="">

</member>
<member name="M:FSharp.Data.RuntimeImplementation.JsonOperations.GetArrayChildrenByTypeTag``2(FSharp.Data.Json.JsonValue,System.String,System.Func{FSharp.Data.Json.JsonValue,``0},System.Func{``0,``1})">
<summary>
 Returns all array values that match the specified tag
 (Follows the same pattern as ConvertXyz functions above)
</summary>
</member>
<member name="M:FSharp.Data.RuntimeImplementation.JsonOperations.GetArrayChildByTypeTag(FSharp.Data.Json.JsonValue,System.String)">
<summary>
 Returns a single array children that matches the specified tag
</summary>
</member>
<member name="M:FSharp.Data.RuntimeImplementation.JsonOperations.ConvertOptionalProperty``2(FSharp.Data.Json.JsonValue,System.String,System.Func{FSharp.Data.Json.JsonValue,``0},System.Func{``0,``1})">
<summary>
 Get optional property of a specified type
</summary>
</member>
<member name="M:FSharp.Data.RuntimeImplementation.JsonOperations.ConvertArray``2(FSharp.Data.Json.JsonValue,System.Func{FSharp.Data.Json.JsonValue,``0},System.Func{``0,``1})">
<summary>
 Converts JSON array to array of target types
 The `packer` function rebuilds representation type (such as
 `JsonDocument`) which is then passed to projection function `f`.
</summary>
</member>
<member name="">

</member>
<member name="M:FSharp.Data.RuntimeImplementation.Operations.ToNullable``1(Microsoft.FSharp.Core.FSharpOption{``0})">
<summary>
 Turn an F# option type Option&lt;&apos;T&gt; containing a primitive 
 value type into a .NET type Nullable&lt;&apos;T&gt;
</summary>
</member>
<member name="M:FSharp.Data.RuntimeImplementation.Operations.GetNonOptionalValue``1(System.String,Microsoft.FSharp.Core.FSharpOption{``0})">
<summary>
 Operation that extracts the value from an option and reports a
 meaningful error message when the value is not there

 We could just return defaultof&lt;&apos;T&gt; if the value is None, but that is not
 really correct, because this operation is used when the inference engine
 inferred that the value is always present. The user should update their
 sample to infer it as optional (and get None). If we use defaultof&lt;&apos;T&gt; we
 might return 0 and the user would not be able to distinguish between 0
 and missing value.
</summary>
</member>
<member name="M:FSharp.Data.RuntimeImplementation.Operations.GetCulture(System.String)">
<summary>
 Returns CultureInfo matching the specified culture string
 (or InvariantCulture if the argument is null or empty)
</summary>
</member>
<member name="">

</member>
<member name="">

</member>
<member name="">

</member>
<member name="">

</member>
<member name="">

</member>
<member name="">

</member>
<member name="">

</member>
<member name="M:FSharp.Data.RuntimeImplementation.Operations.AsOption(System.String)">
<summary>
 Turns empty or null string value into None, otherwise returns Some
</summary>
</member>
<member name="">

</member>
<member name="">

</member>
<member name="">

</member>
<member name="">

</member>
<member name="M:FSharp.Data.RuntimeImplementation.Operations.AsDateTime(System.IFormatProvider,System.String)">
<summary>
 Parse date time using either the JSON milliseconds format or using ISO 8601
 that is, either &quot;\/Date(&lt;msec-since-1/1/1970&gt;)\/&quot; or something
 along the lines of &quot;2013-01-28T00:37Z&quot;
</summary>
</member>
<member name="">

</member>
<member name="">

</member>
<member name="">

</member>
<member name="">

</member>
<member name="">

</member>
<member name="">

</member>
<member name="">

</member>
<member name="">

</member>
<member name="">

</member>
<member name="">

</member>
<member name="">

</member>
<member name="">

</member>
<member name="">

</member>
<member name="">

</member>
<member name="">

</member>
<member name="">

</member>
<member name="">

</member>
<member name="">

</member>
<member name="">

</member>
<member name="">

</member>
<member name="">

</member>
<member name="">

</member>
<member name="">

</member>
<member name="">

</member>
<member name="">

</member>
<member name="">

</member>
<member name="">

</member>
<member name="">

</member>
<member name="">

</member>
<member name="">

</member>
<member name="">

</member>
<member name="">

</member>
<member name="">

</member>
<member name="">

</member>
<member name="T:FSharp.Data.RuntimeImplementation.Apiary.ApiaryDocument">
<summary>
 Underlying representation of the generated JSON types
</summary>
</member>
<member name="">

</member>
<member name="">

</member>
<member name="">

</member>
<member name="">

</member>
<member name="">

</member>
<member name="">

</member>
<member name="">

</member>
<member name="">

</member>
<member name="">

</member>
<member name="T:FSharp.Data.RuntimeImplementation.Apiary.ApiaryUtils">

</member>
<member name="">

</member>
<member name="">

</member>
<member name="T:FSharp.Data.RuntimeImplementation.Caching.ICache`1">
<summary>
 Represents a cache (various implementations are available)
</summary>
</member>
<member name="M:FSharp.Data.RuntimeImplementation.Caching.createInternetFileCache(System.String)">
<summary>
 Creates a cache that stores data in a local file system
</summary>
</member>
<member name="M:FSharp.Data.RuntimeImplementation.Caching.hashString(System.String)">
<summary>
 Get hash code of a string - used to determine cache file
</summary>
</member>
<member name="M:FSharp.Data.RuntimeImplementation.Caching.createInMemoryCache``1">
<summary>
 Creates a cache that uses in-memory collection
</summary>
</member>
<member name="">

</member>
<member name="T:FSharp.Data.RuntimeImplementation.Caching">

</member>
<member name="">

</member>
<member name="">

</member>
<member name="">

</member>
<member name="M:FSharp.Data.RuntimeImplementation.Helpers.asOption``1(System.Boolean,``0)">
<summary>
 Convert the result of TryParse to option type
</summary>
</member>
<member name="T:FSharp.Data.RuntimeImplementation.Helpers">

</member>
<member name="M:FSharp.Data.RuntimeImplementation.ProviderFileSystem.readTextAtRunTime(System.Boolean,System.String,System.String,System.String)">
<summary>
 Resolve a location of a file (or a web location) and open it for shared
 read at runtime (do not monitor file changes and use runtime resolution rules)
</summary>
</member>
<member name="M:FSharp.Data.RuntimeImplementation.ProviderFileSystem.asyncOpenStreamInProvider(System.Boolean,System.Boolean,System.String,Microsoft.FSharp.Core.FSharpOption{Microsoft.FSharp.Core.FSharpFunc{Microsoft.FSharp.Core.Unit,Microsoft.FSharp.Core.Unit}},System.String,System.Uri)">
<summary>
 Given a type provider configuration and a name passed by user, open 
 the uri and return it as a stream
</summary>
</member>
<member name="M:FSharp.Data.RuntimeImplementation.ProviderFileSystem.resolveUri(System.Boolean,System.Boolean,System.String,System.String,System.Uri)">
<summary>
 Resolve the absolute location of a file (or web URL) according to the rules
 used by standard F# type providers as described here:
 https://github.com/fsharp/fsharpx/issues/195#issuecomment-12141785

  * if it is web resource, just return it
  * if it is full path, just return it
  * otherwise..

    At design-time:
      * if the user specified resolution folder, use that
      * use the default resolution folder
    At run-time:
      * if the user specified resolution folder, use that
      * if it is running in F# interactive (config.IsHostedExecution) 
        use the default resolution folder
      * otherwise, use &apos;CurrentDomain.BaseDirectory&apos;

 Returns the resolved file name, together with a flag specifying 
 whether it is web based (and we need WebClient to download it)
</summary>
</member>
<member name="M:FSharp.Data.RuntimeImplementation.ProviderFileSystem.watchForChanges(Microsoft.FSharp.Core.FSharpFunc{Microsoft.FSharp.Core.Unit,Microsoft.FSharp.Core.Unit},System.String)">
<summary>
 If the file is not web based, setup an file system watcher that 
 invalidates the generated type whenever the file changes

 Asumes that the fileName is a valid file name on the disk
 (and not e.g. a web reference)
</summary>
</member>
<member name="T:FSharp.Data.RuntimeImplementation.ProviderFileSystem">

</member>
<member name="">

</member>
<member name="">

</member>
<member name="">

</member>
<member name="">

</member>
<member name="">

</member>
<member name="">

</member>
<member name="">

</member>
<member name="">

</member>
<member name="">

</member>
<member name="T:FSharp.Data.RuntimeImplementation.StructuralTypes.InferedType">
<summary>
 Represents inferred structural type. A type may be either primitive type
 (one of those listed by `primitiveTypes`) or it can be collection, 
 (named) record and heterogeneous type. We also have `Null` type (which is
 a subtype of all non-primitive types) and universal `Top` type.

  * For collection, we infer the types of different things that appear in 
    the collection and how many times they do.

  * A heterogeneous type (sum type) is simply a choice containing one
    of multiple different possibilities

 Why is collection not simply a list of Heterogeneous types? If we used that
 we would lose information about multiplicity and so we would not be able
 to generate nicer types!
</summary>
</member>
<member name="">

</member>
<member name="">

</member>
<member name="">

</member>
<member name="">

</member>
<member name="">

</member>
<member name="">

</member>
<member name="">

</member>
<member name="">

</member>
<member name="">

</member>
<member name="P:FSharp.Data.RuntimeImplementation.StructuralTypes.InferedTypeTag.Code">
<summary>
 Converts tag to string code that can be passed to generated code
</summary>
</member>
<member name="M:FSharp.Data.RuntimeImplementation.StructuralTypes.InferedTypeTag.ParseCode(System.String)">
<summary>
 Parses code returned by &apos;Code&apos; member (to be used in provided code)
</summary>
</member>
<member name="T:FSharp.Data.RuntimeImplementation.StructuralTypes.InferedTypeTag">
<summary>
 For heterogeneous types, this represents the tag that defines the form
 (that is either primitive type, collection, named record etc.)
</summary>
</member>
<member name="">

</member>
<member name="">

</member>
<member name="">

</member>
<member name="T:FSharp.Data.RuntimeImplementation.StructuralTypes.InferedMultiplicity">
<summary>
 For heterogeneous types (types that have multiple possible forms
 such as differently named XML nodes or records and arrays mixed together)
 this type represents the number of occurrences of individual forms
</summary>
</member>
<member name="">

</member>
<member name="">

</member>
<member name="">

</member>
<member name="">

</member>
<member name="T:FSharp.Data.RuntimeImplementation.StructuralTypes.InferedProperty">
<summary>
 A property of a record has a name and type and may be optional
</summary>
</member>
<member name="">

</member>
<member name="F:FSharp.Net.FSharp.Net.Http.runningOnMono">
<summary>
 Are we currently running on Mono?
 (Mono does not have the issue with encoding slashes in URLs, so we do not need workaround)
</summary>
</member>
<member name="M:FSharp.Net.Http.Request(System.String,Microsoft.FSharp.Core.FSharpOption{Microsoft.FSharp.Collections.FSharpList{System.Tuple{System.String,System.String}}},Microsoft.FSharp.Core.FSharpOption{Microsoft.FSharp.Collections.FSharpList{System.Tuple{System.String,System.String}}},Microsoft.FSharp.Core.FSharpOption{System.String},Microsoft.FSharp.Core.FSharpOption{System.String})">
<summary>
 Download an HTTP web resource from the specified URL synchronously
 (allows specifying query string parameters and HTTP headers including
 headers that have to be handled specially - such as Accept)
</summary>
</member>
<member name="M:FSharp.Net.Http.Request(System.String)">
<summary>
 Download an HTTP web resource from the specified URL
</summary>
</member>
<member name="M:FSharp.Net.Http.AsyncRequest(System.String,Microsoft.FSharp.Core.FSharpOption{Microsoft.FSharp.Collections.FSharpList{System.Tuple{System.String,System.String}}},Microsoft.FSharp.Core.FSharpOption{Microsoft.FSharp.Collections.FSharpList{System.Tuple{System.String,System.String}}},Microsoft.FSharp.Core.FSharpOption{System.String},Microsoft.FSharp.Core.FSharpOption{System.String})">
<summary>
 Download an HTTP web resource from the specified URL asynchronously
 (allows specifying query string parameters and HTTP headers including
 headers that have to be handled specially - such as Accept)
</summary>
</member>
<member name="M:FSharp.Net.Http.AsyncRequest(System.String)">
<summary>
 Download an HTTP web resource from the specified URL asynchronously
</summary>
</member>
<member name="">

</member>
<member name="">

</member>
<member name="T:FSharp.Net.Http">
<summary>
 Utilities for working with network via HTTP. Includes methods for downloading 
 resources with specified headers, query parameters and HTTP body
</summary>
</member>
<member name="">

</member>
<member name="">

</member>
<member name="">

</member>
<member name="">

</member>
<member name="">

</member>
<member name="">

</member>
<member name="">

</member>
<member name="">

</member>
<member name="">

</member>
<member name="">

</member>
<member name="">

</member>
<member name="">

</member>
<member name="">

</member>
<member name="">

</member>
<member name="">

</member>
<member name="">

</member>
<member name="M:ProviderImplementation.AssemblyReplacer.ToRuntime(Microsoft.FSharp.Quotations.FSharpExpr)">
<summary>
 Gets an equivalent expression with all the types replaced with runtime equivalents
</summary>
</member>
<member name="M:ProviderImplementation.AssemblyReplacer.ToRuntime(System.Type)">
<summary>
 Gets the equivalent runtime type
</summary>
</member>
<member name="M:ProviderImplementation.AssemblyReplacer.ToDesignTime(Microsoft.FSharp.Quotations.FSharpExpr)">
<summary>
 Gets an equivalent expression with all the types replaced with designTime equivalents
</summary>
</member>
<member name="T:ProviderImplementation.AssemblyReplacer">
<summary>
 When we split a type provider into a runtime assembly and a design time assembly, we can no longer 
 use quotations directly, because they will reference the wrong types. AssemblyReplacer fixes that 
 by transforming the expressions generated by the quotations to have the right types. On all 
 expressions  that we provide to InvokeCode and GetterCode of ProvidedMethod, ProvidedConstructor,
 and ProvidedProperty, instead of (fun args -&gt; &lt;@@ doSomethingWith(%%args) @@&gt;), we should use 
 (fun args -&gt; let args = replacer.ToDesignTime args in replacer.ToRuntime &lt;@@ doSomethingWith(%%args) @@&gt;)
 When creating the Provided* type, we have to always specify the runtime type, and when it invokes
 the function provided to InvokeCode and GetterCode, we to first transform the argument expressions
 to the design time types, so we can splice it in the quotation, and then after that we have to convert
 it back to the runtime type. A further complication arises because Expr.Var&apos;s have reference equality, so
 when can&apos;t just create new Expr.Var&apos;s with the same variable name and a different type. When transforming
 them from runtime to design time we keep them in a dictionary, so that when we convert them back to runtime
 we can return the exact same instance that was provided to us initially.
 Another limitation (not only of this method, but in general with type providers) is that we can never use 
 expressions that use F# functions as parameters or return values, we always have to use felegates instead.
</summary>
</member>
<member name="">

</member>
<member name="">

</member>
<member name="">

</member>
<member name="">

</member>
<member name="">

</member>
<member name="">

</member>
<member name="">

</member>
<member name="">

</member>
<member name="">

</member>
<member name="">

</member>
<member name="">

</member>
<member name="">

</member>
<member name="">

</member>
<member name="">

</member>
<member name="">

</member>
<member name="">

</member>
<member name="">

</member>
<member name="">

</member>
<member name="">

</member>
<member name="">

</member>
<member name="">

</member>
<member name="">

</member>
<member name="">

</member>
<member name="">

</member>
<member name="T:ProviderImplementation.JsonGenerationContext">
<summary>
 Context that is used to generate the JSON types.

  * `Representation` is the type that is used to represent documents
    (here `JsonDocument`)

  * `Unpacker` is a function that takes an expression representing whatever 
    is used to represent the document (here `JsonDocument`) and obtains the
    underlying `JsonValue`; `Packer` is the dual (wrap value in `JsonDocument`)

 Both properties are needed for other uses of the provider 
 (most notably in the Apiary provider)

</summary>
</member>
<member name="">

</member>
<member name="">

</member>
<member name="">

</member>
<member name="">

</member>
<member name="">

</member>
<member name="">

</member>
<member name="">

</member>
<member name="">

</member>
<member name="T:ProviderImplementation.RestApi`1">
<summary>
 Discriminated union that distinguish between function nodes 
 (with info &amp; name, but no subtrees) modules (with name &amp; sub-elements)
 and entities (that are accessible via parameter)
</summary>
</member>
<member name="">

</member>
<member name="">

</member>
<member name="">

</member>
<member name="">

</member>
<member name="">

</member>
<member name="">

</member>
<member name="">

</member>
<member name="">

</member>
<member name="">

</member>
<member name="">

</member>
<member name="">

</member>
<member name="">

</member>
<member name="">

</member>
<member name="">

</member>
<member name="">

</member>
<member name="">

</member>
<member name="M:ProviderImplementation.ActivePatterns.|SingletonMap|_|``2(System.Collections.Generic.IEnumerable{System.Collections.Generic.KeyValuePair{``0,``1}})">
<summary>
 Takes dictionary or a map and succeeds if it contains exactly one value
</summary>
</member>
<member name="M:ProviderImplementation.ActivePatterns.|Singleton|``1(Microsoft.FSharp.Collections.FSharpList{``0})">
<summary>
 Helper active pattern that can be used when constructing InvokeCode
 (to avoid writing pattern matching or incomplete matches):

    p.InvokeCode &lt;- fun (Singleton self) -&gt; &lt;@ 1 + 2 @&gt;

</summary>
</member>
<member name="T:ProviderImplementation.ActivePatterns">

</member>
<member name="">

</member>
<member name="T:ProviderImplementation.ApiarySchema.NameTree`1">
<summary>
 Represents a tree with module/function names
 Every node has a name, list of values under the node
 and a list of subtrees (other modules/functions)
</summary>
</member>
<member name="M:ProviderImplementation.ApiarySchema.asRestApi``1(Microsoft.FSharp.Collections.FSharpList{ProviderImplementation.ApiarySchema.NameTree{System.Tuple{System.String,``0}}})">
<summary>
 Convert name tree obtained from Apiary to our view of REST API
</summary>
</member>
<member name="M:ProviderImplementation.ApiarySchema.|SpeciallyNamed|_|``1(Microsoft.FSharp.Collections.FSharpList{ProviderImplementation.ApiarySchema.NameTree{``0}})">
<summary>
 Is there any specially named child node?
</summary>
</member>
<member name="">

</member>
<member name="M:ProviderImplementation.ApiarySchema.getOperationTree(System.String)">
<summary>
 Get a tree structure with operation/module names from Apiary
</summary>
</member>
<member name="M:ProviderImplementation.ApiarySchema.trimRoot``1(ProviderImplementation.ApiarySchema.NameTree{``0})">
<summary>
 Removes all root elements that do not have any elements
 (i.e. if everything is nested under some common prefix)
</summary>
</member>
<member name="M:ProviderImplementation.ApiarySchema.buildTree``1(System.String,Microsoft.FSharp.Collections.FSharpList{System.Tuple{Microsoft.FSharp.Collections.FSharpList{System.String},``0}})">
<summary>
 Builds a name tree from items that have lists of names
 (items with the same prefixes end up in the same subtree)
</summary>
</member>
<member name="M:ProviderImplementation.ApiarySchema.getPathComponents(System.String)">
<summary>
 Split path into components separated by slash
</summary>
</member>
<member name="M:ProviderImplementation.ApiarySchema.downloadOperations(System.String)">
<summary>
 Download a list of operations with their method &amp; relative URL
</summary>
</member>
<member name="">

</member>
<member name="">

</member>
<member name="T:ProviderImplementation.ApiarySchema">

</member>
<member name="M:ProviderImplementation.ApiarySchemaAuto.|FindMethod|_|(System.String,Microsoft.FSharp.Collections.FSharpList{System.Tuple{System.String,System.String}})">
<summary>
 Find an operation that uses HTTP method specified by &apos;findMeth&apos;
 and return the arguments together with (the method and) a path
</summary>
</member>
<member name="T:ProviderImplementation.ApiarySchemaAuto">

</member>
<member name="M:ProviderImplementation.ApiaryTypeBuilder.generateSchema(System.String,ProviderImplementation.ApiaryGenerationContext,ProviderImplementation.ProvidedTypes.ProvidedTypeDefinition,ProviderImplementation.RestApi{System.Tuple{System.String,System.String}})">
<summary>
 This is the main recursive function that generates type for a &quot;RestApi&quot; specification. 

  * Modules are turned into nested types (so functions under a module
    become static methods callable via `Module.Function(...)`)
 
  * Functions are turned into static methods that return value of 
    a type that is automatically inferred from the JSON sample
    (ideally we should support other formats too...)

  * Entities that have &quot;GET&quot; operation are turned into method that returns
    a type representing the entity. All nested functions of the entity
    are added to this type (and at runtime we need to keep arguments around)

</summary>
</member>
<member name="M:ProviderImplementation.ApiaryTypeBuilder.generateOperations(ProviderImplementation.ApiaryGenerationContext,System.String,Microsoft.FSharp.Collections.FSharpList{System.String},System.String,System.String,FSharp.Data.Json.JsonValue,System.Type,Microsoft.FSharp.Core.FSharpFunc{Microsoft.FSharp.Quotations.FSharpExpr,Microsoft.FSharp.Quotations.FSharpExpr})">
<summary>
 Generates method that invokes a specified operation or retrieves
 an entity given some arguments (which can contain additional methods)
 This code also generates an asynchronous version of the operation
</summary>
</member>
<member name="M:ProviderImplementation.ApiaryTypeBuilder.generateHeadersForCall(FSharp.Data.Json.JsonValue)">
<summary>
 Generates formatted string with headers that must be
 passed to a call according to apiary.io specification
</summary>
</member>
<member name="">

</member>
<member name="M:ProviderImplementation.ApiaryTypeBuilder.generateMembersForJsonResult(System.String,ProviderImplementation.ApiaryGenerationContext,FSharp.Data.Json.JsonValue)">
<summary>
 Given a specification (returned by the apiary.io service) 
 infer structure of JSON and generate a type for the result

 TODO: Lots of room for improvement here (pattern matching based
 on error codes, handle other file formats like XML...)
</summary>
</member>
<member name="T:ProviderImplementation.ApiaryTypeBuilder">

</member>
<member name="M:ProviderImplementation.AssemblyReplacerModule.create(Microsoft.FSharp.Collections.FSharpList{System.Tuple{System.Reflection.Assembly,System.Reflection.Assembly}})">
<summary>
 Creates an AssemblyReplacer with the provided list of designTimeAssembly*runtimeAssembly mappings
 Should always receive the current running assembly paired with the RuntimeAssembly from TypeProviderConfig,
 and in case we&apos;re targetting a different .Net framework profile, the FSharp.Core version referenced
 by the current assembly paired with the FSharp.Core version referenced by the runtime assembly
</summary>
</member>
<member name="">

</member>
<member name="">

</member>
<member name="">

</member>
<member name="">

</member>
<member name="">

</member>
<member name="">

</member>
<member name="">

</member>
<member name="">

</member>
<member name="">

</member>
<member name="">

</member>
<member name="">

</member>
<member name="">

</member>
<member name="">

</member>
<member name="T:ProviderImplementation.AssemblyReplacerModule">

</member>
<member name="">

</member>
<member name="">

</member>
<member name="">

</member>
<member name="">

</member>
<member name="">

</member>
<member name="">

</member>
<member name="">

</member>
<member name="">

</member>
<member name="">

</member>
<member name="">

</member>
<member name="T:ProviderImplementation.AssemblyResolver">

</member>
<member name="M:ProviderImplementation.Conversions.convertValue(System.String,System.String,ProviderImplementation.TypeWrapper,System.Type,System.Type,ProviderImplementation.AssemblyReplacer)">
<summary>
 Creates a function that takes Expr&lt;string option&gt; and converts it to 
 an expression of other type - the type is specified by `typ` and 
</summary>
</member>
<member name="T:ProviderImplementation.Conversions">

</member>
<member name="M:ProviderImplementation.Debug.prettyPrintWithMaxDepthAndExclusions(System.Boolean,System.Int32,System.Collections.Generic.IEnumerable{System.String},ProviderImplementation.ProvidedTypes.ProvidedTypeDefinition)">
<summary>
 Returns a string representation of the signature (and optionally also the body) of all the
 types generated by the type provider up to a certain depth and excluding some types
</summary>
</member>
<member name="M:ProviderImplementation.Debug.prettyPrintWithMaxDepth(System.Boolean,System.Int32,ProviderImplementation.ProvidedTypes.ProvidedTypeDefinition)">
<summary>
 Returns a string representation of the signature (and optionally also the body) of all the
 types generated by the type provider up to a certain depth
</summary>
</member>
<member name="M:ProviderImplementation.Debug.prettyPrint(System.Boolean,ProviderImplementation.ProvidedTypes.ProvidedTypeDefinition)">
<summary>
 Returns a string representation of the signature (and optionally also the body) of all the
 types generated by the type provider
</summary>
</member>
<member name="">

</member>
<member name="M:ProviderImplementation.Debug.generate``1(System.String,System.String,Microsoft.FSharp.Core.FSharpFunc{Microsoft.FSharp.Core.CompilerServices.TypeProviderConfig,``0},System.Object[])">
<summary>
 Simulates a real instance of TypeProviderConfig and then creates an instance of the last
 type provider added to a namespace by the type provider constructor
</summary>
</member>
<member name="M:ProviderImplementation.Debug.separatedBy(System.String,System.Collections.Generic.IEnumerable{System.String})">
<summary>
 Converts a sequence of strings to a single string separated with the delimiters
</summary>
</member>
<member name="T:ProviderImplementation.Debug">

</member>
<member name="">

</member>
<member name="T:ProviderImplementation.HttpUtility">

</member>
<member name="M:ProviderImplementation.JsonInference.inferType(System.IFormatProvider,FSharp.Data.Json.JsonValue)">
<summary>
 Infer type of a JSON value - this is simple function because most of the
 functionality is handled in `StructureInference` (most notably, by
 `inferCollectionType` and various functions to find common subtype), so
 here we just need to infer types of primitive JSON values.
</summary>
</member>
<member name="T:ProviderImplementation.JsonInference">

</member>
<member name="M:ProviderImplementation.JsonTypeBuilder.generateJsonType(System.String,ProviderImplementation.JsonGenerationContext,FSharp.Data.RuntimeImplementation.StructuralTypes.InferedType)">
<summary>
 Recursively walks over inferred type information and 
 generates types for read-only access to the document
</summary>
</member>
<member name="M:ProviderImplementation.JsonTypeBuilder.generateMultipleChoiceType(System.String,ProviderImplementation.JsonGenerationContext,Microsoft.FSharp.Collections.FSharpMap{FSharp.Data.RuntimeImplementation.StructuralTypes.InferedTypeTag,System.Tuple{FSharp.Data.RuntimeImplementation.StructuralTypes.InferedMultiplicity,FSharp.Data.RuntimeImplementation.StructuralTypes.InferedType}},Microsoft.FSharp.Core.FSharpFunc{System.Tuple{FSharp.Data.RuntimeImplementation.StructuralTypes.InferedMultiplicity,FSharp.Data.RuntimeImplementation.StructuralTypes.InferedType},Microsoft.FSharp.Core.FSharpFunc{Microsoft.FSharp.Core.FSharpFunc{Microsoft.FSharp.Quotations.FSharpExpr,Microsoft.FSharp.Quotations.FSharpExpr},Microsoft.FSharp.Core.FSharpFunc{System.String,Microsoft.FSharp.Core.FSharpFunc{Microsoft.FSharp.Collections.FSharpList{Microsoft.FSharp.Quotations.FSharpExpr},Microsoft.FSharp.Quotations.FSharpExpr}}}})">
<summary>
 Common code that is shared by code generators that generate 
 &quot;Choice&quot; type. This is parameterized by the types (choices) to generate,
 by functions that get the multiplicity and the type tag for each option
 and also by function that generates the actual code.
</summary>
</member>
<member name="T:ProviderImplementation.JsonTypeBuilder">

</member>
<member name="">

</member>
<member name="">

</member>
<member name="T:ProviderImplementation.List">

</member>
<member name="M:ProviderImplementation.NameUtils.singularize(System.String)">
<summary>
 Return the singular of an English word
</summary>
</member>
<member name="M:ProviderImplementation.NameUtils.pluralize(System.String)">
<summary>
 Return the plural of an English word
</summary>
</member>
<member name="M:ProviderImplementation.NameUtils.trimHtml(System.String)">
<summary>
 Trim HTML tags from a given string and replace all of them with spaces
 Multiple tags are replaced with just a single space. (This is a recursive 
 implementation that is somewhat faster than regular expression.)
</summary>
</member>
<member name="M:ProviderImplementation.NameUtils.uniqueGenerator``1(Microsoft.FSharp.Core.FSharpFunc{``0,System.String})">
<summary>
 Given a function to format names (such as `niceCamelName` or `nicePascalName`)
 returns a name generator that never returns duplicate name (by appending an
 index to already used names)
 
 This function is curried and should be used with partial function application:

     let gen = nameGenerator nicePascalName
     let n1 = gen &quot;sample-name&quot;
     let n2 = gen &quot;sample-name&quot;

</summary>
</member>
<member name="M:ProviderImplementation.NameUtils.niceCamelName(System.String)">
<summary>
 Turns a given non-empty string into a nice &apos;camelCase&apos; identifier
</summary>
</member>
<member name="M:ProviderImplementation.NameUtils.nicePascalName(System.String)">
<summary>
 Turns a given non-empty string into a nice &apos;PascalCase&apos; identifier
</summary>
</member>
<member name="">

</member>
<member name="">

</member>
<member name="">

</member>
<member name="">

</member>
<member name="">

</member>
<member name="">

</member>
<member name="T:ProviderImplementation.NameUtils">

</member>
<member name="">

</member>
<member name="">

</member>
<member name="">

</member>
<member name="">

</member>
<member name="">

</member>
<member name="">

</member>
<member name="">

</member>
<member name="">

</member>
<member name="">

</member>
<member name="T:ProviderImplementation.Pluralizer">

</member>
<member name="P:ProviderImplementation.ProvidedTypes.TypeProviderForNamespaces.Namespaces">
<summary>
 Get all namespace with their provided types.
</summary>
</member>
<member name="">

</member>
<member name="M:ProviderImplementation.ProvidedTypes.TypeProviderForNamespaces.ResolveAssembly(System.ResolveEventArgs)">
<summary>
 AssemblyResolve handler. Default implementation searches &lt;assemblyname&gt;.dll file in registered folders 
</summary>
</member>
<member name="M:ProviderImplementation.ProvidedTypes.TypeProviderForNamespaces.RegisterRuntimeAssemblyLocationAsProbingFolder(Microsoft.FSharp.Core.CompilerServices.TypeProviderConfig)">
<summary>
 Registers location of RuntimeAssembly (from TypeProviderConfig) as probing folder
</summary>
</member>
<member name="M:ProviderImplementation.ProvidedTypes.TypeProviderForNamespaces.RegisterProbingFolder(System.String)">
<summary>
 Registers custom probing path that can be used for probing assemblies
</summary>
</member>
<member name="M:ProviderImplementation.ProvidedTypes.TypeProviderForNamespaces.Invalidate">
<summary>
 Invalidate the information provided by the provider
</summary>
</member>
<member name="M:ProviderImplementation.ProvidedTypes.TypeProviderForNamespaces.AddNamespace(System.String,Microsoft.FSharp.Collections.FSharpList{ProviderImplementation.ProvidedTypes.ProvidedTypeDefinition})">
<summary>
 Add a namespace of provided types.
</summary>
</member>
<member name="M:ProviderImplementation.ProvidedTypes.TypeProviderForNamespaces.#ctor">
<summary>
 Initializes a type provider 
</summary>
</member>
<member name="M:ProviderImplementation.ProvidedTypes.TypeProviderForNamespaces.#ctor(System.String,Microsoft.FSharp.Collections.FSharpList{ProviderImplementation.ProvidedTypes.ProvidedTypeDefinition})">
<summary>
 Initializes a type provider to provide the types in the given namespace.
</summary>
</member>
<member name="T:ProviderImplementation.ProvidedTypes.TypeProviderForNamespaces">
<summary>
 A base type providing default implementations of type provider functionality when all provided 
 types are of type ProvidedTypeDefinition.
</summary>
</member>
<member name="M:ProviderImplementation.ProvidedTypes.ProvidedAssembly.RegisterGenerated(System.String)">
<summary>
 Register that a given file is a provided generated assembly
</summary>
</member>
<member name="M:ProviderImplementation.ProvidedTypes.ProvidedAssembly.AddTypes(Microsoft.FSharp.Collections.FSharpList{ProviderImplementation.ProvidedTypes.ProvidedTypeDefinition})">
 <summary>
 Emit the given provided type definitions as part of the assembly 
 and adjust the 'Assembly' property of all provided type definitions to return that
 assembly.

 The assembly is only emitted when the Assembly property on the root type is accessed for the first time.
 The host F# compiler does this when processing a generative type declaration for the type.
 </summary>
 <param name="enclosingTypeNames">An optional path of type names to wrap the generated types. The generated types are then generated as nested types.</param>
</member>
<member name="">

</member>
<member name="">

</member>
<member name="T:ProviderImplementation.ProvidedTypes.ProvidedAssembly">
<summary>
 A provided generated assembly
</summary>
</member>
<member name="P:ProviderImplementation.ProvidedTypes.ProvidedTypeDefinition.SuppressRelocation(System.Boolean)">
<summary>
 Get or set a flag indicating if the ProvidedTypeDefinition has type-relocation suppressed
</summary>
</member>
<member name="P:ProviderImplementation.ProvidedTypes.ProvidedTypeDefinition.IsErased(System.Boolean)">
<summary>
 Get or set a flag indicating if the ProvidedTypeDefinition is erased
</summary>
</member>
<member name="P:ProviderImplementation.ProvidedTypes.ProvidedTypeDefinition.HideObjectMethods(System.Boolean)">
<summary>
 Suppress System.Object entries in intellisense menus in instances of this provided type 
</summary>
</member>
<member name="P:ProviderImplementation.ProvidedTypes.ProvidedTypeDefinition.SuppressRelocation">
<summary>
 Get or set a flag indicating if the ProvidedTypeDefinition has type-relocation suppressed
</summary>
</member>
<member name="P:ProviderImplementation.ProvidedTypes.ProvidedTypeDefinition.IsErased">
<summary>
 Get or set a flag indicating if the ProvidedTypeDefinition is erased
</summary>
</member>
<member name="M:ProviderImplementation.ProvidedTypes.ProvidedTypeDefinition.SetBaseType(System.Type)">
<summary>
 Set the base type
</summary>
</member>
<member name="M:ProviderImplementation.ProvidedTypes.ProvidedTypeDefinition.SetAttributes(System.Reflection.TypeAttributes)">
<summary>
 Set the attributes on the provided type. This fully replaces the default TypeAttributes.
</summary>
</member>
<member name="M:ProviderImplementation.ProvidedTypes.ProvidedTypeDefinition.ResetEnclosingType(System.Type)">
<summary>
 Reset the enclosing type (for generated nested types)
</summary>
</member>
<member name="">

</member>
<member name="">

</member>
<member name="M:ProviderImplementation.ProvidedTypes.ProvidedTypeDefinition.DefineMethodOverride(ProviderImplementation.ProvidedTypes.ProvidedMethod,System.Reflection.MethodInfo)">
<summary>
 Specifies that the given method body implements the given method declaration.
</summary>
</member>
<member name="M:ProviderImplementation.ProvidedTypes.ProvidedTypeDefinition.AddXmlDocDelayed(Microsoft.FSharp.Core.FSharpFunc{Microsoft.FSharp.Core.Unit,System.String})">
<summary>
 Add XML documentation information to this provided constructor, where the computation of the documentation is delayed until necessary.
 The documentation is only computed once.
</summary>
</member>
<member name="M:ProviderImplementation.ProvidedTypes.ProvidedTypeDefinition.AddXmlDocComputed(Microsoft.FSharp.Core.FSharpFunc{Microsoft.FSharp.Core.Unit,System.String})">
<summary>
 Add XML documentation information to this provided constructor, where the computation of the documentation is delayed until necessary
 The documentation is re-computed  every time it is required.
</summary>
</member>
<member name="M:ProviderImplementation.ProvidedTypes.ProvidedTypeDefinition.AddXmlDoc(System.String)">
<summary>
 Add XML documentation information to this provided constructor
</summary>
</member>
<member name="M:ProviderImplementation.ProvidedTypes.ProvidedTypeDefinition.AddObsoleteAttribute(System.String)">
<summary>
 Add a &apos;System.Obsolete&apos; attribute to this provided type definition
</summary>
</member>
<member name="M:ProviderImplementation.ProvidedTypes.ProvidedTypeDefinition.AddMembersDelayed``1(Microsoft.FSharp.Core.FSharpFunc{Microsoft.FSharp.Core.Unit,Microsoft.FSharp.Collections.FSharpList{``0}})">
<summary>
 Add a set of members to a ProvidedTypeDefinition, delaying computation of the members until required by the compilation context.
</summary>
</member>
<member name="M:ProviderImplementation.ProvidedTypes.ProvidedTypeDefinition.AddMembers``1(Microsoft.FSharp.Collections.FSharpList{``0})">
<summary>
 Add a set of members to a ProvidedTypeDefinition
</summary>
</member>
<member name="M:ProviderImplementation.ProvidedTypes.ProvidedTypeDefinition.AddMemberDelayed``1(Microsoft.FSharp.Core.FSharpFunc{Microsoft.FSharp.Core.Unit,``0})">
<summary>
 Add a member to a ProvidedTypeDefinition, delaying computation of the members until required by the compilation context.
</summary>
</member>
<member name="M:ProviderImplementation.ProvidedTypes.ProvidedTypeDefinition.AddMember(System.Reflection.MemberInfo)">
<summary>
 Add a method, property, nested type or other member to a ProvidedTypeDefinition
</summary>
</member>
<member name="M:ProviderImplementation.ProvidedTypes.ProvidedTypeDefinition.AddInterfaceImplementationsDelayed(Microsoft.FSharp.Core.FSharpFunc{Microsoft.FSharp.Core.Unit,Microsoft.FSharp.Collections.FSharpList{System.Type}})">
<summary>
 Add the given function as a set of on-demand computed interfaces.
</summary>
</member>
<member name="M:ProviderImplementation.ProvidedTypes.ProvidedTypeDefinition.AddInterfaceImplementation(System.Type)">
<summary>
 Add the given type as an implemented interface.
</summary>
</member>
<member name="M:ProviderImplementation.ProvidedTypes.ProvidedTypeDefinition.AddDefinitionLocation(System.Int32,System.Int32,System.String)">
<summary>
 Add definition location information to the provided type definition.
</summary>
</member>
<member name="M:ProviderImplementation.ProvidedTypes.ProvidedTypeDefinition.AddAssemblyTypesAsNestedTypesDelayed(Microsoft.FSharp.Core.FSharpFunc{Microsoft.FSharp.Core.Unit,System.Reflection.Assembly})">
<summary>
 Add the types of the generated assembly as generative types, where types in namespaces get hierarchically positioned as nested types.
</summary>
</member>
<member name="M:ProviderImplementation.ProvidedTypes.ProvidedTypeDefinition.#ctor(System.String,Microsoft.FSharp.Core.FSharpOption{System.Type})">
<summary>
 Create a new provided type definition, to be located as a nested type in some type definition.
</summary>
</member>
<member name="M:ProviderImplementation.ProvidedTypes.ProvidedTypeDefinition.#ctor(System.Reflection.Assembly,System.String,System.String,Microsoft.FSharp.Core.FSharpOption{System.Type})">
<summary>
 Create a new provided type definition in a namespace. 
</summary>
</member>
<member name="T:ProviderImplementation.ProvidedTypes.ProvidedTypeDefinition">
<summary>
 Represents a provided type definition.
</summary>
</member>
<member name="M:ProviderImplementation.ProvidedTypes.ProvidedStaticParameter.AddXmlDocDelayed(Microsoft.FSharp.Core.FSharpFunc{Microsoft.FSharp.Core.Unit,System.String})">
<summary>
 Add XML documentation information to this provided constructor, where the computation of the documentation is delayed until necessary
</summary>
</member>
<member name="M:ProviderImplementation.ProvidedTypes.ProvidedStaticParameter.AddXmlDoc(System.String)">
<summary>
 Add XML documentation information to this provided constructor
</summary>
</member>
<member name="">

</member>
<member name="T:ProviderImplementation.ProvidedTypes.ProvidedStaticParameter">
<summary>
 Represents a provided static parameter.
</summary>
</member>
<member name="P:ProviderImplementation.ProvidedTypes.ProvidedMeasureBuilder.One">
<summary>
 e.g. 1
</summary>
</member>
<member name="P:ProviderImplementation.ProvidedTypes.ProvidedMeasureBuilder.Default">
<summary>
 The ProvidedMeasureBuilder for building measures.
</summary>
</member>
<member name="M:ProviderImplementation.ProvidedTypes.ProvidedMeasureBuilder.Square(System.Type)">
<summary>
 e.g. m * m 
</summary>
</member>
<member name="M:ProviderImplementation.ProvidedTypes.ProvidedMeasureBuilder.SI(System.String)">
<summary>
 the SI unit from the F# core library, where the string is in capitals and US spelling, e.g. Meter
</summary>
</member>
<member name="M:ProviderImplementation.ProvidedTypes.ProvidedMeasureBuilder.Ratio(System.Type,System.Type)">
<summary>
 e.g. kg / m
</summary>
</member>
<member name="M:ProviderImplementation.ProvidedTypes.ProvidedMeasureBuilder.Product(System.Type,System.Type)">
<summary>
 e.g. m * kg
</summary>
</member>
<member name="M:ProviderImplementation.ProvidedTypes.ProvidedMeasureBuilder.Inverse(System.Type)">
<summary>
 e.g. 1 / kg
</summary>
</member>
<member name="M:ProviderImplementation.ProvidedTypes.ProvidedMeasureBuilder.AnnotateType(System.Type,Microsoft.FSharp.Collections.FSharpList{System.Type})">
<summary>
 e.g. float&lt;kg&gt;, Vector&lt;int, kg&gt;
</summary>
</member>
<member name="T:ProviderImplementation.ProvidedTypes.ProvidedMeasureBuilder">
<summary>
 Helps create erased provided unit-of-measure annotations.
</summary>
</member>
<member name="M:ProviderImplementation.ProvidedTypes.ProvidedTypeBuilder.MakeGenericType(System.Type,Microsoft.FSharp.Collections.FSharpList{System.Type})">
<summary>
 Like typ.MakeGenericType, but will also work with unit-annotated types
</summary>
</member>
<member name="M:ProviderImplementation.ProvidedTypes.ProvidedTypeBuilder.MakeGenericMethod(System.Reflection.MethodInfo,Microsoft.FSharp.Collections.FSharpList{System.Type})">
<summary>
 Like methodInfo.MakeGenericMethod, but will also work with unit-annotated types and provided types
</summary>
</member>
<member name="T:ProviderImplementation.ProvidedTypes.ProvidedTypeBuilder">
<summary>
 Provides symbolic provided types
</summary>
</member>
<member name="M:ProviderImplementation.ProvidedTypes.ProvidedField.AddXmlDocDelayed(Microsoft.FSharp.Core.FSharpFunc{Microsoft.FSharp.Core.Unit,System.String})">
<summary>
 Add XML documentation information to this provided field, where the computation of the documentation is delayed until necessary
</summary>
</member>
<member name="M:ProviderImplementation.ProvidedTypes.ProvidedField.AddXmlDocComputed(Microsoft.FSharp.Core.FSharpFunc{Microsoft.FSharp.Core.Unit,System.String})">
<summary>
 Add XML documentation information to this provided field, where the computation of the documentation is delayed until necessary
 The documentation is re-computed  every time it is required.
</summary>
</member>
<member name="M:ProviderImplementation.ProvidedTypes.ProvidedField.AddXmlDoc(System.String)">
<summary>
 Add XML documentation information to this provided field
</summary>
</member>
<member name="M:ProviderImplementation.ProvidedTypes.ProvidedField.AddObsoleteAttribute(System.String)">
<summary>
 Add a &apos;System.Obsolete&apos; attribute to this provided field
</summary>
</member>
<member name="M:ProviderImplementation.ProvidedTypes.ProvidedField.AddDefinitionLocation(System.Int32,System.Int32,System.String)">
<summary>
 Add definition location information to the provided field definition.
</summary>
</member>
<member name="M:ProviderImplementation.ProvidedTypes.ProvidedField.#ctor(System.String,System.Type)">
<summary>
 Create a new provided field. It is not initially associated with any specific provided type definition.
</summary>
</member>
<member name="T:ProviderImplementation.ProvidedTypes.ProvidedField">
<summary>
 Represents an erased provided field.
</summary>
</member>
<member name="M:ProviderImplementation.ProvidedTypes.ProvidedLiteralField.AddXmlDocDelayed(Microsoft.FSharp.Core.FSharpFunc{Microsoft.FSharp.Core.Unit,System.String})">
<summary>
 Add XML documentation information to this provided field, where the computation of the documentation is delayed until necessary
</summary>
</member>
<member name="M:ProviderImplementation.ProvidedTypes.ProvidedLiteralField.AddXmlDocComputed(Microsoft.FSharp.Core.FSharpFunc{Microsoft.FSharp.Core.Unit,System.String})">
<summary>
 Add XML documentation information to this provided field, where the computation of the documentation is delayed until necessary
 The documentation is re-computed  every time it is required.
</summary>
</member>
<member name="M:ProviderImplementation.ProvidedTypes.ProvidedLiteralField.AddXmlDoc(System.String)">
<summary>
 Add XML documentation information to this provided field
</summary>
</member>
<member name="M:ProviderImplementation.ProvidedTypes.ProvidedLiteralField.AddObsoleteAttribute(System.String)">
<summary>
 Add a &apos;System.Obsolete&apos; attribute to this provided field
</summary>
</member>
<member name="M:ProviderImplementation.ProvidedTypes.ProvidedLiteralField.AddDefinitionLocation(System.Int32,System.Int32,System.String)">
<summary>
 Add definition location information to the provided field.
</summary>
</member>
<member name="M:ProviderImplementation.ProvidedTypes.ProvidedLiteralField.#ctor(System.String,System.Type,System.Object)">
<summary>
 Create a new provided field. It is not initially associated with any specific provided type definition.
</summary>
</member>
<member name="T:ProviderImplementation.ProvidedTypes.ProvidedLiteralField">
<summary>
 Represents an erased provided field.
</summary>
</member>
<member name="P:ProviderImplementation.ProvidedTypes.ProvidedEvent.RemoverCode(Microsoft.FSharp.Core.FSharpFunc{Microsoft.FSharp.Collections.FSharpList{Microsoft.FSharp.Quotations.FSharpExpr},Microsoft.FSharp.Quotations.FSharpExpr})">
<summary>
 Set the function used to compute the implementation of sets of this property.
</summary>
</member>
<member name="P:ProviderImplementation.ProvidedTypes.ProvidedEvent.IsStatic(System.Boolean)">
<summary>
 Get or set a flag indicating if the property is static.
</summary>
</member>
<member name="P:ProviderImplementation.ProvidedTypes.ProvidedEvent.AdderCode(Microsoft.FSharp.Core.FSharpFunc{Microsoft.FSharp.Collections.FSharpList{Microsoft.FSharp.Quotations.FSharpExpr},Microsoft.FSharp.Quotations.FSharpExpr})">
<summary>
 Set the quotation used to compute the implementation of gets of this property.
</summary>
</member>
<member name="M:ProviderImplementation.ProvidedTypes.ProvidedEvent.AddXmlDocDelayed(Microsoft.FSharp.Core.FSharpFunc{Microsoft.FSharp.Core.Unit,System.String})">
<summary>
 Add XML documentation information to this provided constructor, where the computation of the documentation is delayed until necessary
</summary>
</member>
<member name="M:ProviderImplementation.ProvidedTypes.ProvidedEvent.AddXmlDocComputed(Microsoft.FSharp.Core.FSharpFunc{Microsoft.FSharp.Core.Unit,System.String})">
<summary>
 Add XML documentation information to this provided constructor, where the computation of the documentation is delayed until necessary
 The documentation is re-computed  every time it is required.
</summary>
</member>
<member name="M:ProviderImplementation.ProvidedTypes.ProvidedEvent.AddXmlDoc(System.String)">
<summary>
 Add XML documentation information to this provided constructor
</summary>
</member>
<member name="M:ProviderImplementation.ProvidedTypes.ProvidedEvent.AddDefinitionLocation(System.Int32,System.Int32,System.String)">
<summary>
 Add definition location information to the provided type definition.
</summary>
</member>
<member name="M:ProviderImplementation.ProvidedTypes.ProvidedEvent.#ctor(System.String,System.Type)">
<summary>
 Create a new provided type. It is not initially associated with any specific provided type definition.
</summary>
</member>
<member name="T:ProviderImplementation.ProvidedTypes.ProvidedEvent">
<summary>
 Represents an erased provided property.
</summary>
</member>
<member name="P:ProviderImplementation.ProvidedTypes.ProvidedProperty.SetterCode(Microsoft.FSharp.Core.FSharpFunc{Microsoft.FSharp.Collections.FSharpList{Microsoft.FSharp.Quotations.FSharpExpr},Microsoft.FSharp.Quotations.FSharpExpr})">
<summary>
 Set the function used to compute the implementation of sets of this property.
</summary>
</member>
<member name="P:ProviderImplementation.ProvidedTypes.ProvidedProperty.IsStatic(System.Boolean)">
<summary>
 Get or set a flag indicating if the property is static.
</summary>
</member>
<member name="P:ProviderImplementation.ProvidedTypes.ProvidedProperty.GetterCode(Microsoft.FSharp.Core.FSharpFunc{Microsoft.FSharp.Collections.FSharpList{Microsoft.FSharp.Quotations.FSharpExpr},Microsoft.FSharp.Quotations.FSharpExpr})">
<summary>
 Set the quotation used to compute the implementation of gets of this property.
</summary>
</member>
<member name="P:ProviderImplementation.ProvidedTypes.ProvidedProperty.IsStatic">
<summary>
 Get or set a flag indicating if the property is static.
</summary>
</member>
<member name="M:ProviderImplementation.ProvidedTypes.ProvidedProperty.AddXmlDocDelayed(Microsoft.FSharp.Core.FSharpFunc{Microsoft.FSharp.Core.Unit,System.String})">
<summary>
 Add XML documentation information to this provided constructor, where the computation of the documentation is delayed until necessary
</summary>
</member>
<member name="M:ProviderImplementation.ProvidedTypes.ProvidedProperty.AddXmlDocComputed(Microsoft.FSharp.Core.FSharpFunc{Microsoft.FSharp.Core.Unit,System.String})">
<summary>
 Add XML documentation information to this provided constructor, where the computation of the documentation is delayed until necessary
 The documentation is re-computed  every time it is required.
</summary>
</member>
<member name="M:ProviderImplementation.ProvidedTypes.ProvidedProperty.AddXmlDoc(System.String)">
<summary>
 Add XML documentation information to this provided constructor
</summary>
</member>
<member name="M:ProviderImplementation.ProvidedTypes.ProvidedProperty.AddObsoleteAttribute(System.String)">
<summary>
 Add a &apos;System.Obsolete&apos; attribute to this provided property
</summary>
</member>
<member name="M:ProviderImplementation.ProvidedTypes.ProvidedProperty.AddDefinitionLocation(System.Int32,System.Int32,System.String)">
<summary>
 Add definition location information to the provided type definition.
</summary>
</member>
<member name="M:ProviderImplementation.ProvidedTypes.ProvidedProperty.AddAttributeData(System.Reflection.CustomAttributeData)">
<summary>
 Add attribute to property
</summary>
</member>
<member name="M:ProviderImplementation.ProvidedTypes.ProvidedProperty.AddAttribute(System.Type)">
<summary>
 Add attribute to property
</summary>
</member>
<member name="M:ProviderImplementation.ProvidedTypes.ProvidedProperty.#ctor(System.String,System.Type,Microsoft.FSharp.Core.FSharpOption{Microsoft.FSharp.Collections.FSharpList{ProviderImplementation.ProvidedTypes.ProvidedParameter}})">
<summary>
 Create a new provided type. It is not initially associated with any specific provided type definition.
</summary>
</member>
<member name="T:ProviderImplementation.ProvidedTypes.ProvidedProperty">
<summary>
 Represents an erased provided property.
</summary>
</member>
<member name="P:ProviderImplementation.ProvidedTypes.ProvidedMethod.IsStaticMethod(System.Boolean)">
<summary>
 Get or set a flag indicating if the property is static.
</summary>
</member>
<member name="P:ProviderImplementation.ProvidedTypes.ProvidedMethod.InvokeCode(Microsoft.FSharp.Core.FSharpFunc{Microsoft.FSharp.Collections.FSharpList{Microsoft.FSharp.Quotations.FSharpExpr},Microsoft.FSharp.Quotations.FSharpExpr})">
<summary>
 Set the quotation used to compute the implementation of invocations of this method.
</summary>
</member>
<member name="P:ProviderImplementation.ProvidedTypes.ProvidedMethod.IsStaticMethod">
<summary>
 Get or set a flag indicating if the property is static.
</summary>
</member>
<member name="M:ProviderImplementation.ProvidedTypes.ProvidedMethod.SetMethodAttrs(System.Reflection.MethodAttributes)">
<summary>
 Set the method attributes of the method. By default these are simple &apos;MethodAttributes.Public&apos;
</summary>
</member>
<member name="">

</member>
<member name="M:ProviderImplementation.ProvidedTypes.ProvidedMethod.AddXmlDocDelayed(Microsoft.FSharp.Core.FSharpFunc{Microsoft.FSharp.Core.Unit,System.String})">
<summary>
 Add XML documentation information to this provided constructor, where the computation of the documentation is delayed until necessary
</summary>
</member>
<member name="M:ProviderImplementation.ProvidedTypes.ProvidedMethod.AddXmlDocComputed(Microsoft.FSharp.Core.FSharpFunc{Microsoft.FSharp.Core.Unit,System.String})">
<summary>
 Add XML documentation information to this provided constructor, where the computation of the documentation is delayed until necessary
 The documentation is re-computed  every time it is required.
</summary>
</member>
<member name="M:ProviderImplementation.ProvidedTypes.ProvidedMethod.AddXmlDoc(System.String)">
<summary>
 Add XML documentation information to this provided constructor
</summary>
</member>
<member name="M:ProviderImplementation.ProvidedTypes.ProvidedMethod.AddObsoleteAttribute(System.String)">
<summary>
 Add XML documentation information to this provided method
</summary>
</member>
<member name="">

</member>
<member name="M:ProviderImplementation.ProvidedTypes.ProvidedMethod.AddDefinitionLocation(System.Int32,System.Int32,System.String)">
<summary>
 Add definition location information to the provided type definition.
</summary>
</member>
<member name="M:ProviderImplementation.ProvidedTypes.ProvidedMethod.#ctor(System.String,Microsoft.FSharp.Collections.FSharpList{ProviderImplementation.ProvidedTypes.ProvidedParameter},System.Type)">
<summary>
 Create a new provided method. It is not initially associated with any specific provided type definition.
</summary>
</member>
<member name="">

</member>
<member name="P:ProviderImplementation.ProvidedTypes.ProvidedConstructor.IsImplicitCtor(System.Boolean)">
<summary>
 Set a flag indicating that the constructor acts like an F# implicit constructor, so the
 parameters of the constructor become fields and can be accessed using Expr.GlobalVar with the
 same name.
</summary>
</member>
<member name="P:ProviderImplementation.ProvidedTypes.ProvidedConstructor.InvokeCode(Microsoft.FSharp.Core.FSharpFunc{Microsoft.FSharp.Collections.FSharpList{Microsoft.FSharp.Quotations.FSharpExpr},Microsoft.FSharp.Quotations.FSharpExpr})">
<summary>
 Set the quotation used to compute the implementation of invocations of this constructor.
</summary>
</member>
<member name="P:ProviderImplementation.ProvidedTypes.ProvidedConstructor.BaseConstructorCall(Microsoft.FSharp.Core.FSharpFunc{Microsoft.FSharp.Collections.FSharpList{Microsoft.FSharp.Quotations.FSharpExpr},System.Tuple{System.Reflection.ConstructorInfo,Microsoft.FSharp.Collections.FSharpList{Microsoft.FSharp.Quotations.FSharpExpr}}})">
<summary>
 Set the target and arguments of the base constructor call. Only used for generated types.
</summary>
</member>
<member name="">

</member>
<member name="M:ProviderImplementation.ProvidedTypes.ProvidedConstructor.AddXmlDocDelayed(Microsoft.FSharp.Core.FSharpFunc{Microsoft.FSharp.Core.Unit,System.String})">
<summary>
 Add XML documentation information to this provided constructor, where the computation of the documentation is delayed until necessary
</summary>
</member>
<member name="M:ProviderImplementation.ProvidedTypes.ProvidedConstructor.AddXmlDocComputed(Microsoft.FSharp.Core.FSharpFunc{Microsoft.FSharp.Core.Unit,System.String})">
<summary>
 Add XML documentation information to this provided constructor, where the documentation is re-computed  every time it is required.
</summary>
</member>
<member name="M:ProviderImplementation.ProvidedTypes.ProvidedConstructor.AddXmlDoc(System.String)">
<summary>
 Add XML documentation information to this provided constructor
</summary>
</member>
<member name="M:ProviderImplementation.ProvidedTypes.ProvidedConstructor.AddObsoleteAttribute(System.String)">
<summary>
 Add a &apos;System.Obsolete&apos; attribute to this provided constructor
</summary>
</member>
<member name="M:ProviderImplementation.ProvidedTypes.ProvidedConstructor.AddDefinitionLocation(System.Int32,System.Int32,System.String)">
<summary>
 Add definition location information to the provided constructor.
</summary>
</member>
<member name="M:ProviderImplementation.ProvidedTypes.ProvidedConstructor.#ctor(Microsoft.FSharp.Collections.FSharpList{ProviderImplementation.ProvidedTypes.ProvidedParameter})">
<summary>
 Create a new provided constructor. It is not initially associated with any specific provided type definition.
</summary>
</member>
<member name="T:ProviderImplementation.ProvidedTypes.ProvidedConstructor">
<summary>
 Represents an erased provided constructor.
</summary>
</member>
<member name="">

</member>
<member name="">

</member>
<member name="">

</member>
<member name="T:ProviderImplementation.ProvidedTypes.ProvidedParameter">
<summary>
 Represents an erased provided parameter
</summary>
</member>
<member name="">

</member>
<member name="">

</member>
<member name="M:ProviderImplementation.ProviderHelpers.readTextAtDesignTime(System.String,Microsoft.FSharp.Core.FSharpFunc{Microsoft.FSharp.Core.Unit,Microsoft.FSharp.Core.Unit},System.String,System.Uri)">
<summary>
 Resolve a location of a file (or a web location) and open it for shared
 read, and trigger the specified function whenever the file changes
</summary>
</member>
<member name="T:ProviderImplementation.ProviderHelpers">

</member>
<member name="M:ProviderImplementation.QuotationBuilder.op_Dynamic``2(System.Type,System.String,``0)">
<summary>
 Dynamic operator (?) that can be used for constructing quoted F# code without 
 quotations (to simplify constructing F# quotations in portable libraries - where
 we need to pass the System.Type of various types as arguments)

 There are two possible uses:
    typ?Name tyArgs args
    typ?Name args

 In the first case, tyArgs is a sequence of type arguments for method `Name`.
 Actual arguments can be either expression (Expr&lt;&apos;T&gt;) or primitive values, whic
 are automatically wrapped using Expr.Value.

</summary>
</member>
<member name="T:ProviderImplementation.QuotationBuilder">

</member>
<member name="">

</member>
<member name="T:ProviderImplementation.ReflectionHelpers">

</member>
<member name="M:ProviderImplementation.Seq.pairBy``2(Microsoft.FSharp.Core.FSharpFunc{``0,``1},System.Collections.Generic.IEnumerable{``0},System.Collections.Generic.IEnumerable{``0})">
<summary>
 Merge two sequences by pairing elements for which
 the specified predicate returns the same key

 (If the inputs contain the same keys, then the order
 of the elements is preserved.)
</summary>
</member>
<member name="T:ProviderImplementation.Seq">

</member>
<member name="M:ProviderImplementation.StructureInference.inferPrimitiveType(System.IFormatProvider,System.String,Microsoft.FSharp.Core.FSharpOption{System.Type})">
<summary>
 Infers the type of a simple string value (this is either
 the value inside a node or value of an attribute)
</summary>
</member>
<member name="M:ProviderImplementation.StructureInference.inferCollectionType(System.Collections.Generic.IEnumerable{FSharp.Data.RuntimeImplementation.StructuralTypes.InferedType})">
<summary>
 Infer the type of the collection based on multiple sample types
 (group the types by tag, count their multiplicity)
</summary>
</member>
<member name="M:ProviderImplementation.StructureInference.unionRecordTypes(Microsoft.FSharp.Collections.FSharpList{FSharp.Data.RuntimeImplementation.StructuralTypes.InferedProperty},Microsoft.FSharp.Collections.FSharpList{FSharp.Data.RuntimeImplementation.StructuralTypes.InferedProperty})">
<summary>
 Get the union of record types (merge their properties)
 This matches the corresponding members and marks them as `Optional`
 if one may be missing. It also returns subtype of their types.
</summary>
</member>
<member name="M:ProviderImplementation.StructureInference.unionCollectionTypes(Microsoft.FSharp.Collections.FSharpMap{FSharp.Data.RuntimeImplementation.StructuralTypes.InferedTypeTag,System.Tuple{FSharp.Data.RuntimeImplementation.StructuralTypes.InferedMultiplicity,FSharp.Data.RuntimeImplementation.StructuralTypes.InferedType}},Microsoft.FSharp.Collections.FSharpMap{FSharp.Data.RuntimeImplementation.StructuralTypes.InferedTypeTag,System.Tuple{FSharp.Data.RuntimeImplementation.StructuralTypes.InferedMultiplicity,FSharp.Data.RuntimeImplementation.StructuralTypes.InferedType}})">
<summary>
 A collection can contain multiple types - in that case, we do keep 
 the multiplicity for each different type tag to generate better types
 (this is essentially the same as `unionHeterogeneousTypes`, but 
 it also handles the multiplicity)
</summary>
</member>
<member name="M:ProviderImplementation.StructureInference.unionHeterogeneousTypes(Microsoft.FSharp.Collections.FSharpMap{FSharp.Data.RuntimeImplementation.StructuralTypes.InferedTypeTag,FSharp.Data.RuntimeImplementation.StructuralTypes.InferedType},Microsoft.FSharp.Collections.FSharpMap{FSharp.Data.RuntimeImplementation.StructuralTypes.InferedTypeTag,FSharp.Data.RuntimeImplementation.StructuralTypes.InferedType})">
<summary>
 Given two heterogeneous types, get a single type that can represent all the
 types that the two heterogeneous types can. For every tag, 
</summary>
</member>
<member name="M:ProviderImplementation.StructureInference.subtypeInfered(FSharp.Data.RuntimeImplementation.StructuralTypes.InferedType,FSharp.Data.RuntimeImplementation.StructuralTypes.InferedType)">
<summary>
 Find common subtype of two infered types:
 
  * If the types are both primitive, then we find common subtype of the primitive types
  * If the types are both records, then we union their fields (and mark some as optional)
  * If the types are both collections, then we take subtype of their elements
    (note we do not generate heterogeneous types in this case!)
  * If one type is the Top type, then we return the other without checking
  * If one of the types is the Null type and the other is not a value type
    (numbers or booleans, but not string) then we return the other type.
    Otherwise, we return bottom.

 The contract that should hold about the function is that given two types with the
 same `InferedTypeTag`, the result also has the same `InferedTypeTag`. 

</summary>
</member>
<member name="M:ProviderImplementation.StructureInference.|SubtypePrimitives|_|(FSharp.Data.RuntimeImplementation.StructuralTypes.InferedType,FSharp.Data.RuntimeImplementation.StructuralTypes.InferedType)">
<summary>
 Active pattern that calls `subtypePrimitives` on two primitive types
</summary>
</member>
<member name="M:ProviderImplementation.StructureInference.subtypePrimitives(System.Type,System.Type)">
<summary>
 Find common subtype of two primitive types or `Bottom` if there is no such type.
 The numeric types are ordered as below, other types are not related in any way.

   float :&gt; decimal :&gt; int64 :&gt; int

 This means that e.g. `int` is a subtype of `decimal` and so all `int` values
 are also `decimal` (and `float`) values, but not the other way round.
</summary>
</member>
<member name="M:ProviderImplementation.StructureInference.typeTag(FSharp.Data.RuntimeImplementation.StructuralTypes.InferedType)">
<summary>
 Returns a tag of a type - a tag represents a &apos;kind&apos; of type 
 (essentially it describes the different bottom types we have)
</summary>
</member>
<member name="M:ProviderImplementation.StructureInference.isValueType(FSharp.Data.RuntimeImplementation.StructuralTypes.InferedType)">
<summary>
 Checks whether a value is a value type (and cannot have null as a value)
</summary>
</member>
<member name="P:ProviderImplementation.StructureInference.primitiveTypes">
<summary>
 List of primitive types that can be returned as a result of the inference
 (with names that are returned for heterogeneous types)
</summary>
</member>
<member name="M:ProviderImplementation.StructureInference.pairBy``2(Microsoft.FSharp.Core.FSharpFunc{``0,``1},System.Collections.Generic.IEnumerable{``0},System.Collections.Generic.IEnumerable{``0})">
<summary>
 Merge two sequences by pairing elements for which
 the specified predicate returns the same key

 (If the inputs contain the same keys, then the order
 of the elements is preserved.)
</summary>
</member>
<member name="T:ProviderImplementation.StructureInference">

</member>
</members>
</doc>
