{"page":1,"results":[{"adult":false,"backdrop_path":"/bvJOpyHYWACDusvQvXxKEHFNjce.jpg","id":1892,"original_title":"Star Wars: Episode VI - Return of the Jedi","release_date":"1983-05-25","poster_path":"/jx5p0aHlbPXqe3AH9G15NvmWaqQ.jpg","popularity":58.1479649155891,"title":"Star Wars: Episode VI - Return of the Jedi","vote_average":7.4,"vote_count":1393},{"adult":false,"backdrop_path":"/4iJfYYoQzZcONB9hNzg0J0wWyPH.jpg","id":11,"original_title":"Star Wars: Episode IV - A New Hope","release_date":"1977-05-25","poster_path":"/tvSlBzAdRE29bZe5yYWrJ2ds137.jpg","popularity":8.04487710188139,"title":"Star Wars: Episode IV - A New Hope","vote_average":7.5,"vote_count":1956},{"adult":false,"backdrop_path":"/a61gR0hrF1dcBJqw7m45q1TTh87.jpg","id":102817,"original_title":"Quentin Tarantino's Star Wars","release_date":"2002-06-09","poster_path":"/5jbEXq7SmyahaYWHQoyO6HVUPjj.jpg","popularity":0.881199,"title":"Quentin Tarantino's Star Wars","vote_average":10.0,"vote_count":1},{"adult":false,"backdrop_path":"/zO26rEjusUhd2fAKh6pFqoMZHqH.jpg","id":72694,"original_title":"The Making of 'Star Wars'","release_date":"1977-09-16","poster_path":"/WgsInarGqxj5a33H1oO1IJACDU.jpg","popularity":0.368,"title":"The Making of 'Star Wars'","vote_average":8.9,"vote_count":4},{"adult":false,"backdrop_path":"/wUYTfFbfPiZC6Lcyt1nonr69ZmK.jpg","id":1895,"original_title":"Star Wars: Episode III - Revenge of the Sith","release_date":"2005-05-19","poster_path":"/tgr5Pdy7ehZYBqBkN2K7Q02xgOb.jpg","popularity":12.5605099539925,"title":"Star Wars: Episode III - Revenge of the Sith","vote_average":6.6,"vote_count":1005},{"adult":false,"backdrop_path":"/rtG5TRrQXf11jlO9WqcYTq46jKa.jpg","id":1893,"original_title":"Star Wars: Episode I - The Phantom Menace","release_date":"1999-05-19","poster_path":"/n8V09dDc02KsSN6Q4hC2BX6hN8X.jpg","popularity":9.07471302353737,"title":"Star Wars: Episode I - The Phantom Menace","vote_average":6.0,"vote_count":1161},{"adult":false,"backdrop_path":"/560F7BPaxRy8BsOfVU6cW4ivM46.jpg","id":1894,"original_title":"Star Wars: Episode II - Attack of the Clones","release_date":"2002-05-16","poster_path":"/2vcNFtrZXNwIcBgH5e2xXCmVR8t.jpg","popularity":9.04976737759209,"title":"Star Wars: Episode II - Attack of the Clones","vote_average":6.1,"vote_count":1009},{"adult":false,"backdrop_path":"/AkE7LQs2hPMG5tpWYcum847Knre.jpg","id":1891,"original_title":"Star Wars: Episode V - The Empire Strikes Back","release_date":"1980-05-21","poster_path":"/6u1fYtxG5eqjhtCPDx04pJphQRW.jpg","popularity":8.86613971370046,"title":"Star Wars: Episode V - The Empire Strikes Back","vote_average":7.6,"vote_count":1745},{"adult":false,"backdrop_path":"/dmLfnPklVIXpOYbJaUKF3pgXsWk.jpg","id":1884,"original_title":"Star Wars: Ewok Adventures - Caravan of Courage","release_date":"1984-11-25","poster_path":"/nBj50ywoyBPHlXXIByIxzgjPWPZ.jpg","popularity":1.449,"title":"Star Wars: Ewok Adventures - Caravan of Courage","vote_average":6.2,"vote_count":11},{"adult":false,"backdrop_path":"/vrVM1U6zhCZP2xCiZHgUDtXzT2S.jpg","id":81233,"original_title":"Lego Star Wars: The Quest for R2-D2","release_date":"2009-08-27","poster_path":"/g0D1xWVOLKAzpCKUtaW0Vaop57f.jpg","popularity":1.028445,"title":"Lego Star Wars: The Quest for R2-D2","vote_average":4.0,"vote_count":1},{"adult":false,"backdrop_path":"/xd9pBqCHxHpIqtHmAZMIWPtLthS.jpg","id":35795,"original_title":"From 'Star Wars' to 'Jedi': The Making of a Saga","release_date":"1983-12-03","poster_path":"/59ljRbtIec59zH8ktCsDbbuct7M.jpg","popularity":0.70771,"title":"From 'Star Wars' to 'Jedi': The Making of a Saga","vote_average":7.6,"vote_count":3},{"adult":false,"backdrop_path":"/qrdLxo18H7x3tr7ewpSz5A3VajH.jpg","id":42982,"original_title":"Robot Chicken: Star Wars Episode II","release_date":"2008-11-16","poster_path":"/kTCaL5VFwQr11P8dZpb0yzk4oQy.jpg","popularity":19.5150173051049,"title":"Robot Chicken: Star Wars Episode II","vote_average":4.3,"vote_count":3},{"adult":false,"backdrop_path":"/dwoqgOGljOL54RtZwulfmcz6cqD.jpg","id":51888,"original_title":"Robot Chicken: Star Wars Episode III","release_date":"2010-12-19","poster_path":"/sWfGoY00nIwlrX8g56LHsuK9BP2.jpg","popularity":10.7176507624187,"title":"Robot Chicken: Star Wars Episode III","vote_average":9.8,"vote_count":2},{"adult":false,"backdrop_path":"/gmLMaDXi4lFWG8WitaCYOJS5GtL.jpg","id":12180,"original_title":"Star Wars: The Clone Wars","release_date":"2008-08-15","poster_path":"/xd6yhmtS6mEURZLwUDT5raEMbf.jpg","popularity":2.46843768598333,"title":"Star Wars: The Clone Wars","vote_average":5.7,"vote_count":48},{"adult":false,"backdrop_path":"/ie6u0zegHcVJEtHSpYn0KgEogrD.jpg","id":74849,"original_title":"Star Wars: Holiday Special","release_date":"1978-11-17","poster_path":"/lLzVJ5vTrGVtQ7M5IAmad2O6RWO.jpg","popularity":1.27547323117047,"title":"Star Wars: Holiday Special","vote_average":4.8,"vote_count":13},{"adult":false,"backdrop_path":"/gZxY7VDOI48gjhnDJK1E6n9uHWk.jpg","id":42979,"original_title":"Robot Chicken: Star Wars","release_date":"2007-07-17","poster_path":"/3vcBL7zNVMhLdFSEh3xiquhdp1x.jpg","popularity":1.26846002190161,"title":"Robot Chicken: Star Wars","vote_average":4.9,"vote_count":8},{"adult":false,"backdrop_path":null,"id":140607,"original_title":"Star Wars: Episode VII","release_date":"2015-12-18","poster_path":"/t3aXDG1ktf6cRJ6iK4epQKxh6Ey.jpg","popularity":0.9243277242516,"title":"Star Wars: Episode VII","vote_average":7.0,"vote_count":4},{"adult":false,"backdrop_path":null,"id":181812,"original_title":"Star Wars: Episode IX","release_date":"2019-12-31","poster_path":null,"popularity":0.4681949,"title":"Star Wars: Episode IX","vote_average":0.0,"vote_count":0},{"adult":false,"backdrop_path":null,"id":154452,"original_title":"Star Wars Tech","release_date":"2007-05-28","poster_path":null,"popularity":0.46,"title":"Star Wars Tech","vote_average":0.0,"vote_count":0},{"adult":false,"backdrop_path":"/cmImr7dgEKq1li9ux9hfdaaif5J.jpg","id":80829,"original_title":"Star Wars: Revelations","release_date":"2005-04-16","poster_path":"/7ocWi5hcPOzqyseLjOpeZR3TIfC.jpg","popularity":0.36731,"title":"Star Wars: Revelations","vote_average":4.0,"vote_count":2}],"total_pages":3,"total_results":46}